sample,t_s,gyro_x,gyro_y,gyro_z,accel_x,accel_y,accel_z
0,2e-05,-8,5,0,1036,-12,-1537
1,0.011764,-2,2,1,1033,-1,-1554
2,0.023435,8,0,1,1027,-10,-1544
3,0.035168,-6,2,1,1026,-2,-1543
4,0.04684,4,0,4,1031,5,-1549
5,0.058463,2,-1,1,1029,5,-1541
6,0.070129,-4,-1,2,1034,11,-1548
7,0.081798,4,-2,2,1042,4,-1547
8,0.093485,-2,0,2,1043,1,-1550
9,0.105178,1,1,2,1037,1,-1549
10,0.116819,2,0,1,1032,-3,-1534
11,0.128462,0,0,2,1025,-1,-1542
12,0.140121,2,1,1,1026,0,-1542
13,0.151752,-1,-4,1,1029,-5,-1546
14,0.163451,4,0,1,1037,-1,-1540
15,0.175123,0,1,2,1041,-1,-1545
16,0.18679,-1,-1,0,1039,2,-1546
17,0.198472,2,1,0,1037,0,-1541
18,0.210173,-1,2,0,1028,3,-1552
19,0.221828,3,0,1,1022,3,-1543
20,0.233474,-2,1,3,1026,2,-1542
21,0.245161,0,-1,0,1032,1,-1545
22,0.256815,0,0,1,1038,-4,-1539
23,0.268467,-4,0,2,1038,0,-1549
24,0.280116,1,0,1,1037,3,-1547
25,0.29167,-1,2,-2,1031,-3,-1544
26,0.303243,-2,0,1,1030,-4,-1539
27,0.314825,3,-1,1,1028,2,-1537
28,0.326386,3,-2,2,1034,-4,-1535
29,0.337937,-1,-1,2,1038,0,-1532
30,0.349508,3,-3,-1,1040,2,-1543
31,0.361045,2,-3,-1,1037,2,-1548
32,0.372643,-2,2,1,1029,2,-1536
33,0.384246,5,0,1,1029,7,-1552
34,0.395913,4,-2,2,1028,2,-1542
35,0.407556,-6,1,2,1031,-3,-1535
36,0.419251,0,-1,3,1031,-1,-1547
37,0.430963,0,1,1,1033,-7,-1538
38,0.442617,-7,3,1,1037,0,-1543
39,0.454269,5,-1,-1,1034,2,-1542
40,0.46595,-4,1,2,1032,-6,-1543
41,0.477655,-2,-2,1,1031,0,-1548
42,0.489335,7,-3,2,1032,-1,-1549
43,0.500911,1,2,3,1038,-5,-1547
44,0.512495,2,2,0,1037,0,-1540
45,0.52405,0,1,0,1032,-1,-1541
46,0.535627,0,1,0,1028,4,-1540
47,0.547174,-2,0,0,1027,3,-1537
48,0.558698,1,2,0,1033,3,-1538
49,0.570285,-2,0,0,1038,-1,-1549
50,0.581843,-2,1,0,1040,-3,-1551
51,0.593535,1,-1,1,1036,-5,-1549
52,0.605334,1,0,1,1028,-5,-1547
53,0.617023,-1,1,1,1023,-1,-1545
54,0.628678,3,1,0,1026,-2,-1537
55,0.640325,-2,-1,2,1032,-4,-1548
56,0.652043,-2,0,1,1033,-1,-1547
57,0.663732,0,1,0,1036,-2,-1543
58,0.675437,-1,1,1,1035,3,-1550
59,0.687226,-1,1,0,1032,0,-1543
60,0.698931,-1,2,-2,1051,-5,-1523
61,0.710518,0,-2,-1,1027,15,-1553
62,0.722099,-5,1,1,1027,-4,-1523
63,0.733645,-3,-1,2,1036,9,-1546
64,0.745188,15,-5,2,1038,-2,-1567
65,0.756739,-2,2,-2,1034,-14,-1537
66,0.768283,3,0,1,1029,8,-1555
67,0.77983,8,2,-1,1023,0,-1549
68,0.791418,-8,1,1,1023,-6,-1534
69,0.803055,-9,2,2,1028,7,-1548
70,0.814722,4,-3,-1,1036,3,-1534
71,0.826391,-10,2,1,1041,7,-1546
72,0.838065,-2,1,0,1041,17,-1539
73,0.84972,10,-1,1,1035,-2,-1539
74,0.861362,-4,1,0,1030,0,-1545
75,0.873023,4,-2,0,1028,2,-1549
76,0.884687,4,-5,0,1029,-2,-1545
77,0.896359,1,2,0,1032,-5,-1552
78,0.907927,0,-1,0,1036,-1,-1540
79,0.919495,1,-2,0,1036,2,-1549
80,0.93106,1,1,1,1037,0,-1548
81,0.942632,2,-1,0,1031,2,-1539
82,0.954182,3,-1,1,1030,0,-1544
83,0.965751,0,0,0,1032,-4,-1540
84,0.977289,-3,0,3,1032,0,-1544
85,0.988827,4,-1,2,1031,0,-1550
86,1.000385,-2,0,1,1033,-1,-1546
87,1.012044,-4,1,2,1032,0,-1550
88,1.023737,4,-2,0,1035,-1,-1542
89,1.035431,-4,0,1,1041,-2,-1544
90,1.047145,4,0,1,1036,4,-1548
91,1.058814,4,-1,1,1033,-2,-1539
92,1.070464,0,0,2,1025,0,-1543
93,1.082108,4,1,3,1023,0,-1540
94,1.09379,-1,-2,1,1022,1,-1538
95,1.105458,-1,0,3,1033,1,-1545
96,1.11711,1,-2,0,1035,0,-1547
97,1.128671,0,-1,-1,1041,0,-1546
98,1.140245,0,2,2,1035,0,-1540
99,1.151802,2,0,3,1034,4,-1543
100,1.163376,2,-1,0,1027,0,-1539
101,1.174932,0,1,2,1033,-5,-1545
102,1.186499,-2,2,1,1032,-1,-1542
103,1.198047,-2,-1,1,1032,-2,-1549
104,1.209632,-2,-1,1,1034,3,-1546
105,1.221247,-1,1,0,1034,2,-1539
106,1.232918,1,1,0,1031,5,-1546
107,1.244568,1,-1,0,1024,1,-1542
108,1.256214,0,0,2,1023,0,-1542
109,1.267899,1,0,1,1032,0,-1537
110,1.279559,1,-2,2,1032,4,-1544
111,1.291221,-1,-1,0,1036,-1,-1540
112,1.302896,1,1,0,1033,1,-1554
113,1.314592,2,1,3,1032,-1,-1543
114,1.326269,-1,1,0,1026,4,-1539
115,1.337921,3,2,2,1027,4,-1543
116,1.349572,2,-1,2,1031,0,-1543
117,1.361215,-2,3,1,1032,-2,-1541
118,1.37288,1,-2,2,1037,-2,-1543
119,1.384534,0,0,1,1037,-3,-1552
120,1.396199,-1,1,2,1032,-3,-1544
121,1.407861,2,-1,1,1027,-3,-1548
122,1.419511,0,0,-1,1026,-1,-1537
123,1.431171,0,2,1,1028,1,-1543
124,1.442694,0,1,2,1032,-5,-1539
125,1.454244,0,2,2,1040,0,-1545
126,1.465789,1,1,1,1036,3,-1545
127,1.477334,0,-2,0,1036,2,-1545
128,1.488882,0,0,0,1034,6,-1546
129,1.50046,-1,0,0,1030,4,-1539
130,1.51201,-2,0,0,1032,-3,-1543
131,1.523577,1,0,2,1032,-7,-1539
132,1.535226,1,-2,0,1035,-9,-1542
133,1.546908,1,-1,0,1034,-10,-1545
134,1.558587,-3,0,1,1030,-9,-1539
135,1.570255,2,0,1,1028,0,-1550
136,1.58192,1,-1,1,1024,-1,-1544
137,1.593572,0,1,1,1027,7,-1550
138,1.605226,2,-1,2,1035,7,-1545
139,1.616894,-1,2,2,1041,5,-1552
140,1.628558,-2,2,0,1042,7,-1545
141,1.640212,0,1,1,1032,5,-1535
142,1.651901,1,1,1,1030,9,-1542
143,1.663563,2,0,0,1027,5,-1544
144,1.675243,-1,0,1,1033,7,-1539
145,1.686913,3,-2,1,1037,2,-1539
146,1.698587,0,1,1,1035,2,-1548
147,1.710231,0,2,2,1035,3,-1545
148,1.72188,2,0,-1,1034,2,-1540
149,1.73358,2,1,0,1028,-2,-1541
150,1.74523,2,-1,1,1028,-4,-1538
151,1.756885,1,2,-1,1031,-1,-1543
152,1.768554,2,-1,2,1037,-7,-1551
153,1.780197,0,1,1,1032,-1,-1551
154,1.791865,2,-1,2,1038,1,-1550
155,1.803544,0,-1,1,1029,-3,-1544
156,1.815223,-2,1,-1,1027,-2,-1543
157,1.826892,2,0,1,1028,-2,-1545
158,1.838637,2,-1,2,1026,-2,-1541
159,1.850322,-1,-2,1,1036,-1,-1544
160,1.86189,2,0,2,1038,-1,-1546
161,1.873433,0,-1,0,1043,-3,-1543
162,1.884995,0,1,2,1039,3,-1542
163,1.89654,0,1,2,1033,5,-1544
164,1.908091,0,0,-1,1029,4,-1544
165,1.919659,0,1,4,1029,0,-1540
166,1.93124,0,2,1,1032,1,-1540
167,1.942828,0,-1,3,1033,0,-1544
168,1.9545,0,0,2,1034,2,-1547
169,1.966158,-1,0,0,1035,4,-1540
170,1.977809,-2,0,3,1029,2,-1542
171,1.989448,1,1,1,1028,3,-1547
172,2.001091,0,-2,0,1026,1,-1544
173,2.012762,0,0,1,1032,0,-1547
174,2.024417,1,1,2,1031,-5,-1549
175,2.036065,1,0,1,1037,-3,-1544
176,2.047774,1,1,0,1032,0,-1547
177,2.059432,-1,0,2,1038,-1,-1545
178,2.07101,1,-2,0,1032,4,-1539
179,2.08258,1,-2,2,1030,1,-1545
180,2.094134,-1,-2,1,1032,2,-1542
181,2.1057,-1,-1,2,1035,4,-1541
182,2.117254,1,-3,1,1037,2,-1549
183,2.128829,3,-1,3,1034,-2,-1546
184,2.140384,1,-3,1,1031,-1,-1542
185,2.151951,-1,2,1,1028,-1,-1544
186,2.163566,0,-1,1,1030,2,-1553
187,2.175247,-1,-2,1,1032,-5,-1541
188,2.186895,-2,0,1,1034,0,-1550
189,2.198577,1,0,1,1035,0,-1548
190,2.210232,-2,-2,0,1034,0,-1544
191,2.221925,0,-1,1,1031,2,-1544
192,2.233569,2,-2,1,1027,1,-1537
193,2.245221,-1,2,1,1030,6,-1548
194,2.256902,2,-1,-1,1032,4,-1546
195,2.268498,2,-1,2,1036,-7,-1540
196,2.280087,-2,-1,0,1036,3,-1551
197,2.291654,2,-1,0,1032,1,-1539
198,2.303242,0,0,2,1027,0,-1547
199,2.314827,-1,2,1,1026,1,-1543
200,2.326377,2,-1,1,1030,-2,-1539
201,2.337941,-2,0,1,1036,3,-1546
202,2.349491,3,-1,1,1034,-2,-1548
203,2.361063,1,-1,1,1040,-1,-1542
204,2.37269,2,1,2,1030,0,-1550
205,2.38437,0,-2,1,1025,2,-1549
206,2.396044,0,0,1,1029,1,-1541
207,2.407724,1,-2,1,1028,4,-1540
208,2.419418,-2,1,2,1034,-3,-1542
209,2.431095,2,-1,0,1041,2,-1543
210,2.442723,1,0,1,1037,2,-1551
211,2.45441,1,1,2,1030,4,-1553
212,2.466077,0,0,1,1029,-1,-1549
213,2.477726,0,1,0,1032,-1,-1547
214,2.489283,2,1,0,1031,0,-1546
215,2.500825,1,2,0,1036,-7,-1546
216,2.512367,1,1,1,1034,-5,-1542
217,2.523925,2,-1,0,1035,0,-1544
218,2.535492,2,-1,1,1033,-2,-1544
219,2.547059,-1,2,3,1029,0,-1546
220,2.55862,1,-1,0,1032,0,-1541
221,2.570169,0,0,0,1033,3,-1541
222,2.5818,0,0,1,1034,2,-1547
223,2.593469,0,-2,2,1035,0,-1546
224,2.605119,-2,3,0,1035,-1,-1540
225,2.616789,1,0,-1,1033,2,-1538
226,2.628437,1,0,2,1030,1,-1545
227,2.640083,1,-2,-1,1030,1,-1548
228,2.651773,1,0,1,1029,1,-1543
229,2.663422,1,0,3,1028,2,-1548
230,2.675118,0,-1,-1,1035,3,-1547
231,2.686861,0,1,0,1034,-1,-1552
232,2.698434,2,1,0,1030,2,-1544
233,2.709999,0,1,1,1031,-1,-1541
234,2.721554,0,1,2,1034,0,-1544
235,2.733117,2,0,2,1030,-2,-1544
236,2.74466,-1,0,2,1033,-1,-1541
237,2.756205,0,2,1,1035,-3,-1545
238,2.767772,-1,-1,2,1032,0,-1547
239,2.77933,0,-1,2,1032,0,-1545
240,2.790978,0,-1,0,1031,0,-1543
241,2.802633,1,0,2,1029,1,-1544
242,2.814297,2,2,0,1026,3,-1545
243,2.825946,2,-2,3,1028,2,-1542
244,2.837597,-1,0,2,1032,1,-1544
245,2.849277,-1,0,1,1036,-3,-1546
246,2.860925,-1,0,2,1038,-1,-1549
247,2.872578,1,1,1,1029,1,-1548
248,2.884471,-1,0,0,1031,0,-1541
249,2.896117,1,1,1,1028,0,-1543
250,2.907666,1,-1,4,1028,0,-1543
251,2.919243,-1,1,1,1032,-2,-1544
252,2.930811,3,0,1,1037,-1,-1553
253,2.942365,0,1,0,1032,-3,-1545
254,2.953915,-1,0,1,1036,3,-1542
255,2.965481,-1,-2,3,1032,-1,-1544
256,2.977026,0,1,2,1031,0,-1541
257,2.988578,-2,0,0,1032,0,-1542
258,3.000198,0,-4,1,1032,0,-1536
259,3.011872,-1,-2,1,1032,0,-1548
260,3.023545,-2,0,2,1030,0,-1549
261,3.035238,0,1,0,1030,0,-1545
262,3.046891,0,1,1,1031,-2,-1541
263,3.058565,-1,3,1,1031,0,-1543
264,3.07023,1,0,1,1032,0,-1547
265,3.081876,0,1,1,1031,-1,-1537
266,3.093555,1,0,2,1032,0,-1540
267,3.105219,1,0,0,1030,-3,-1547
268,3.116774,-1,4,1,1031,0,-1539
269,3.128319,3,0,1,1034,-2,-1549
270,3.139892,-1,-1,1,1030,-1,-1544
271,3.151417,-2,1,-1,1035,1,-1549
272,3.162988,1,-1,1,1030,-2,-1541
273,3.174558,0,0,1,1036,0,-1546
274,3.18611,4,-2,-1,1033,0,-1547
275,3.197663,1,0,1,1032,3,-1541
276,3.209288,3,0,1,1023,3,-1542
277,3.220936,0,-1,3,1028,3,-1548
278,3.232591,1,-1,-1,1027,2,-1542
279,3.244233,-1,-1,1,1033,0,-1545
280,3.255902,-2,0,1,1033,-2,-1544
281,3.267574,2,-1,-1,1035,-1,-1547
282,3.279289,2,-1,-1,1032,-2,-1543
283,3.291001,3,0,-1,1034,-3,-1548
284,3.302712,1,1,2,1033,-2,-1547
285,3.314404,0,0,4,1032,-1,-1545
286,3.325985,1,3,2,1035,0,-1545
287,3.337532,1,-1,2,1037,-5,-1547
288,3.349092,-2,2,2,1031,0,-1544
289,3.360654,2,0,1,1033,-2,-1545
290,3.372242,-2,0,0,1027,-1,-1540
291,3.383859,1,2,1,1033,0,-1547
292,3.395421,0,1,2,1032,1,-1541
293,3.407002,2,1,1,1036,0,-1538
294,3.418636,0,-2,2,1038,0,-1545
295,3.430326,0,0,-1,1035,0,-1549
296,3.442001,0,-2,1,1034,1,-1544
297,3.45366,1,1,1,1030,1,-1538
298,3.465311,-1,0,2,1029,0,-1532
299,3.476974,-1,0,2,1027,0,-1550
300,3.488622,0,-1,2,1027,-4,-1544
301,3.500286,1,0,2,1035,-5,-1551
302,3.511948,2,1,1,1033,0,-1544
303,3.523629,0,0,1,1034,-1,-1544
304,3.535184,-2,-2,3,1027,3,-1547
305,3.546737,-2,-1,0,1029,2,-1546
306,3.558281,0,-1,4,1031,1,-1544
307,3.56982,2,0,3,1031,2,-1543
308,3.581366,0,-2,1,1035,3,-1541
309,3.592915,-1,0,2,1030,5,-1545
310,3.604459,3,-1,1,1036,1,-1545
311,3.616022,0,1,1,1033,2,-1548
312,3.627714,1,0,1,1032,2,-1543
313,3.639412,1,-1,2,1029,-1,-1544
314,3.651105,-1,0,1,1031,-2,-1544
315,3.662778,1,-1,1,1029,0,-1544
316,3.674452,-1,0,0,1032,0,-1546
317,3.686096,0,1,0,1032,-2,-1540
318,3.697774,2,0,1,1032,0,-1549
319,3.70943,0,0,1,1029,-2,-1546
320,3.721086,3,1,0,1028,0,-1545
321,3.732758,0,1,0,1027,0,-1545
322,3.744351,1,-1,1,1028,3,-1546
323,3.755894,1,-1,1,1027,0,-1542
324,3.767413,0,0,3,1032,0,-1542
325,3.778934,1,1,1,1032,1,-1546
326,3.790451,0,-1,0,1036,1,-1550
327,3.802019,0,1,1,1033,-1,-1538
328,3.813563,2,0,1,1032,0,-1545
329,3.825123,1,0,2,1030,-3,-1538
330,3.836775,1,-2,2,1034,0,-1544
331,3.848429,1,-2,1,1036,0,-1544
332,3.860085,1,0,2,1037,-1,-1546
333,3.871767,2,-1,2,1032,0,-1546
334,3.883419,0,-1,1,1033,3,-1544
335,3.895108,1,0,1,1032,1,-1543
336,3.906765,-1,0,-1,1031,0,-1544
337,3.918454,2,-1,1,1032,0,-1550
338,3.930139,2,-2,1,1032,1,-1544
339,3.941792,-1,0,-1,1034,-1,-1542
340,3.953366,1,-2,3,1033,-2,-1546
341,3.96492,2,1,1,1031,0,-1553
342,3.976484,0,1,1,1029,0,-1544
343,3.988033,2,-1,2,1029,1,-1547
344,3.999608,0,0,2,1033,1,-1542
345,4.011176,1,0,2,1032,-3,-1545
346,4.022694,0,1,2,1034,1,-1547
347,4.034244,2,0,0,1034,1,-1541
348,4.045864,-2,0,1,1036,-2,-1546
349,4.057521,2,-2,1,1034,4,-1549
350,4.069179,0,-1,2,1028,0,-1545
351,4.080838,1,-1,3,1032,-1,-1545
352,4.092511,1,0,1,1031,-2,-1540
353,4.104198,1,0,2,1035,-3,-1544
354,4.115918,0,-2,1,1034,-5,-1546
355,4.127569,3,-1,0,1030,0,-1536
356,4.139289,1,0,0,1031,-2,-1549
357,4.151001,4,-2,0,1031,-1,-1542
358,4.162574,0,-1,0,1032,-1,-1540
359,4.174151,-1,0,1,1032,-2,-1549
360,4.185713,0,-2,-1,1032,-1,-1544
361,4.197261,2,0,-1,1036,2,-1542
362,4.208805,2,0,1,1030,1,-1541
363,4.220353,0,-1,1,1034,0,-1542
364,4.231914,-1,0,2,1030,-3,-1546
365,4.243497,1,3,-1,1030,1,-1545
366,4.255158,-1,-1,0,1033,-1,-1543
367,4.266848,0,-2,0,1037,-2,-1544
368,4.278511,2,0,0,1031,-2,-1541
369,4.290178,0,0,1,1032,2,-1548
370,4.301816,2,0,0,1033,-2,-1538
371,4.313463,1,-1,0,1029,0,-1541
372,4.325147,-2,0,-1,1034,1,-1543
373,4.336787,0,-1,2,1035,1,-1545
374,4.348448,0,-2,1,1032,2,-1544
375,4.360126,2,-2,-1,1035,3,-1549
376,4.37177,1,2,0,1032,-1,-1539
377,4.383422,1,1,0,1032,0,-1546
378,4.395137,2,-4,-1,1030,-2,-1544
379,4.406786,-2,-1,1,1030,-3,-1543
380,4.418506,1,-2,2,1032,1,-1544
381,4.43018,0,0,3,1034,-2,-1543
382,4.441824,-1,2,-1,1034,-2,-1539
383,4.453485,0,2,-2,1033,1,-1548
384,4.465156,-1,2,1,1033,-3,-1550
385,4.476777,0,0,-1,1034,3,-1546
386,4.488328,1,2,0,1033,-1,-1540
387,4.499916,1,1,1,1032,2,-1544
388,4.511468,1,-1,2,1032,2,-1541
389,4.523013,0,0,1,1032,0,-1542
390,4.534572,1,1,1,1032,-3,-1539
391,4.546136,1,0,2,1036,0,-1545
392,4.557725,2,0,2,1033,-2,-1546
393,4.569369,1,0,1,1031,-2,-1551
394,4.581035,0,3,3,1032,-2,-1540
395,4.592677,-1,-1,1,1032,-1,-1543
396,4.604325,1,0,0,1032,2,-1543
397,4.61602,0,1,1,1032,-2,-1547
398,4.627669,0,0,1,1030,4,-1545
399,4.63934,0,1,0,1035,0,-1542
400,4.650992,0,0,0,1034,0,-1546
401,4.662644,0,0,1,1029,-3,-1547
402,4.674214,-2,0,3,1032,1,-1547
403,4.685766,2,0,1,1032,0,-1542
404,4.69734,1,1,1,1031,0,-1542
405,4.70888,2,2,2,1034,-1,-1541
406,4.720419,-1,-2,2,1034,0,-1540
407,4.731966,0,-2,-1,1031,0,-1549
408,4.743532,1,1,0,1032,-1,-1548
409,4.755088,1,-2,0,1034,-2,-1540
410,4.766644,-1,2,2,1034,0,-1541
411,4.778274,0,-2,1,1033,-2,-1542
412,4.78992,0,0,-1,1033,-1,-1544
413,4.801563,3,-1,1,1032,-1,-1544
414,4.813226,1,-2,1,1029,-3,-1542
415,4.824883,-1,0,0,1034,1,-1540
416,4.836532,0,-1,3,1033,-1,-1541
417,4.84821,0,-1,0,1030,-1,-1539
418,4.859889,-1,0,1,1032,0,-1545
419,4.87156,0,-1,2,1032,-5,-1541
420,4.883248,-1,-1,0,1033,0,-1552
421,4.8949,1,-1,3,1034,-1,-1544
422,4.906545,1,3,1,1033,-3,-1545
423,4.918213,0,-1,1,1027,1,-1543
424,4.929879,2,1,3,1037,-1,-1541
425,4.941531,0,0,0,1030,-1,-1546
426,4.953187,1,-1,3,1032,1,-1539
427,4.96488,0,1,2,1030,3,-1541
428,4.976538,2,-1,1,1032,2,-1545
429,4.988196,1,-1,0,1027,-1,-1536
430,4.999775,1,2,2,1030,2,-1547
431,5.011343,0,-1,1,1032,-3,-1550
432,5.022911,0,-1,2,1030,0,-1538
433,5.03445,1,-1,0,1034,0,-1547
434,5.045993,0,-1,0,1032,-3,-1548
435,5.057537,-1,0,2,1031,-2,-1550
436,5.069085,0,1,0,1034,-2,-1542
437,5.080644,-1,-1,1,1031,-2,-1544
438,5.092269,0,-1,0,1032,-6,-1544
439,5.103925,-1,0,0,1032,0,-1542
440,5.115618,1,0,3,1035,2,-1540
441,5.127277,0,0,2,1032,4,-1539
442,5.138962,1,1,1,1032,3,-1547
443,5.150639,2,0,-1,1031,0,-1540
444,5.162289,1,-2,1,1032,0,-1539
445,5.173934,-1,1,5,1032,-4,-1544
446,5.185603,1,1,1,1029,0,-1535
447,5.197267,0,1,0,1028,-1,-1545
448,5.208886,0,-1,0,1032,-2,-1545
449,5.220463,0,0,-1,1036,-3,-1544
450,5.232003,1,-1,1,1029,0,-1547
451,5.243557,1,-1,2,1031,-4,-1548
452,5.25511,0,-3,0,1031,0,-1542
453,5.266682,0,-2,3,1031,0,-1546
454,5.27824,0,0,3,1030,3,-1550
455,5.289793,1,0,2,1032,1,-1544
456,5.301419,-1,0,0,1036,1,-1543
457,5.313071,0,0,1,1031,0,-1545
458,5.324732,0,3,2,1032,-1,-1545
459,5.336404,0,0,0,1031,-1,-1546
460,5.348043,1,0,-1,1030,2,-1542
461,5.359723,1,0,2,1032,-2,-1551
462,5.371403,0,-1,3,1032,0,-1552
463,5.38305,1,0,2,1031,-2,-1543
464,5.394749,0,0,2,1035,-3,-1549
465,5.406446,-1,2,1,1032,-1,-1542
466,5.418007,1,0,1,1032,0,-1541
467,5.429559,1,-1,1,1029,0,-1543
468,5.441113,-1,-2,1,1033,-3,-1546
469,5.45266,0,0,0,1032,-1,-1541
470,5.464207,1,0,3,1031,0,-1543
471,5.475817,1,-1,0,1037,1,-1551
472,5.487371,1,-2,2,1031,-2,-1540
473,5.498945,1,-1,2,1033,1,-1539
474,5.510628,1,-1,2,1030,3,-1542
475,5.522284,0,0,1,1028,0,-1547
476,5.533941,1,1,2,1033,2,-1544
477,5.545594,2,0,0,1033,0,-1541
478,5.557269,1,0,2,1030,1,-1543
479,5.568926,1,0,1,1035,0,-1550
480,5.580597,3,0,0,1032,0,-1541
481,5.592273,0,0,0,1032,-2,-1542
482,5.603995,1,2,2,1038,2,-1540
483,5.615671,1,0,1,1032,-4,-1543
484,5.627254,0,-1,0,1032,0,-1541
485,5.638867,1,0,1,1031,-4,-1546
486,5.650474,0,-1,3,1032,-1,-1548
487,5.662027,0,-1,0,1031,2,-1547
488,5.673579,0,1,1,1033,0,-1548
489,5.685134,-1,2,1,1031,-1,-1539
490,5.696686,-1,-1,3,1034,0,-1542
491,5.708253,-1,1,1,1033,0,-1545
492,5.719934,1,0,0,1030,1,-1542
493,5.731635,0,-1,1,1032,0,-1548
494,5.743297,0,1,0,1034,1,-1546
495,5.75498,1,-1,-1,1034,0,-1547
496,5.766638,0,3,1,1033,-3,-1543
497,5.778291,0,-1,-1,1033,-2,-1540
498,5.789934,0,0,0,1034,-5,-1553
499,5.801583,0,-1,0,1034,-4,-1545
500,5.81327,0,2,1,1032,0,-1542
501,5.824916,-1,0,2,1033,0,-1547
502,5.836559,0,0,0,1032,0,-1548
503,5.848223,-1,0,-1,1036,-1,-1541
504,5.859885,1,2,0,1032,3,-1543
505,5.871543,0,1,2,1032,0,-1541
506,5.883241,1,-2,0,1032,-2,-1540
507,5.894897,1,0,-1,1032,-2,-1542
508,5.906571,0,-2,2,1031,1,-1544
509,5.918269,1,0,0,1034,0,-1547
510,5.929915,0,2,1,1032,0,-1546
511,5.941559,1,0,1,1033,-2,-1543
512,5.953257,2,1,2,1036,0,-1540
513,5.964917,0,1,1,1034,5,-1543
514,5.97658,0,-1,1,1034,0,-1544
515,5.988224,-1,0,-1,1031,2,-1552
516,5.99989,0,0,1,1032,-2,-1541
517,6.011547,0,-2,2,1030,0,-1548
518,6.023263,1,-2,2,1029,-4,-1547
519,6.034974,-1,0,0,1033,0,-1547
520,6.046528,-1,0,2,1033,-1,-1544
521,6.05808,0,-1,1,1034,1,-1542
522,6.069633,1,1,1,1034,1,-1546
523,6.081204,2,0,1,1032,0,-1541
524,6.092759,-1,-1,1,1031,3,-1543
525,6.104324,2,-1,0,1032,0,-1541
526,6.11589,-1,0,1,1032,0,-1546
527,6.127428,1,0,2,1032,0,-1543
528,6.13905,0,-2,2,1032,-2,-1541
529,6.150724,1,0,-1,1030,-1,-1538
530,6.162378,1,-1,0,1037,0,-1544
531,6.174035,1,2,1,1030,-2,-1542
532,6.185683,2,1,0,1031,0,-1545
533,6.197333,1,-1,1,1032,0,-1544
534,6.209005,1,0,2,1034,2,-1543
535,6.22065,0,0,1,1032,2,-1544
536,6.232314,0,1,0,1030,0,-1547
537,6.244024,1,0,0,1035,3,-1542
538,6.255599,-1,0,2,1032,3,-1544
539,6.267188,2,0,1,1032,5,-1550
540,6.278742,0,-1,2,1032,-3,-1553
541,6.290286,0,-1,2,1029,1,-1544
542,6.301844,-1,0,0,1032,-1,-1542
543,6.313399,0,1,2,1034,2,-1554
544,6.32499,2,0,2,1031,3,-1541
545,6.336548,1,-1,0,1032,-2,-1540
546,6.348166,1,-1,1,1033,2,-1539
547,6.359816,2,-2,0,1032,0,-1541
548,6.371511,0,-1,2,1027,-4,-1539
549,6.383166,1,0,0,1033,-1,-1550
550,6.394862,1,1,0,1034,-1,-1540
551,6.406517,0,1,-1,1036,-3,-1546
552,6.418175,-1,1,0,1028,0,-1546
553,6.429817,1,0,2,1032,-2,-1543
554,6.441509,1,0,1,1033,0,-1542
555,6.453162,2,0,1,1033,1,-1545
556,6.464726,0,0,-2,1036,0,-1543
557,6.476274,1,-1,1,1036,3,-1543
558,6.487829,-1,0,2,1031,-2,-1545
559,6.499429,1,0,0,1032,0,-1545
560,6.510992,1,0,2,1030,2,-1537
561,6.522585,2,-1,1,1030,-1,-1538
562,6.534126,-2,0,1,1032,-1,-1544
563,6.545691,-1,1,-1,1033,-2,-1542
564,6.557318,-2,-1,0,1034,2,-1540
565,6.568994,1,-1,0,1029,0,-1547
566,6.580674,0,1,2,1034,1,-1548
567,6.592481,-1,1,3,1034,-2,-1545
568,6.604268,0,0,0,1027,4,-1548
569,6.615936,0,2,1,1032,0,-1544
570,6.627658,0,0,0,1033,1,-1548
571,6.639308,0,-1,2,1034,1,-1549
572,6.651108,0,0,-1,1034,-1,-1546
573,6.662797,1,2,3,1031,0,-1543
574,6.674368,-1,1,1,1030,-1,-1544
575,6.685947,-1,-2,1,1034,0,-1544
576,6.697571,2,0,0,1032,2,-1548
577,6.709115,-2,0,3,1030,3,-1543
578,6.720656,1,-1,1,1032,1,-1551
579,6.732209,1,-1,1,1034,1,-1541
580,6.74379,1,-1,2,1032,1,-1542
581,6.755362,0,2,-1,1034,-3,-1547
582,6.767015,0,-1,0,1032,-1,-1543
583,6.778712,0,-4,0,1033,-2,-1545
584,6.790373,0,-1,-1,1029,-2,-1541
585,6.80203,0,0,1,1032,0,-1548
586,6.813675,0,-1,1,1028,0,-1548
587,6.82532,2,-2,1,1032,1,-1546
588,6.836993,0,-2,1,1032,0,-1551
589,6.848639,2,-2,1,1031,0,-1548
590,6.860298,1,1,0,1028,-2,-1547
591,6.872005,0,2,0,1036,0,-1546
592,6.883583,0,2,1,1032,2,-1542
593,6.895164,-2,-1,0,1032,0,-1551
594,6.906703,1,0,0,1032,2,-1545
595,6.91825,1,0,0,1033,-2,-1540
596,6.929804,0,-2,3,1029,0,-1547
597,6.941359,-1,-2,3,1029,-1,-1547
598,6.952941,0,1,-2,1032,2,-1552
599,6.964511,3,0,0,1032,1,-1550
600,6.976136,-1,1,4,1036,1,-1545
601,6.987807,1,0,2,1032,-1,-1548
602,6.9995,0,1,0,1031,-2,-1544
603,7.011157,0,2,2,1031,0,-1547
604,7.022843,1,-1,1,1032,-4,-1549
605,7.03452,2,1,1,1031,-1,-1544
606,7.046171,0,-2,1,1032,-1,-1541
607,7.057821,0,-1,4,1032,-2,-1547
608,7.069526,1,0,1,1032,1,-1543
609,7.081196,-1,3,0,1033,2,-1548
610,7.092754,-1,0,1,1029,2,-1546
611,7.10432,2,-1,-1,1031,0,-1541
612,7.115887,1,-1,1,1032,1,-1540
613,7.127426,1,2,2,1031,0,-1548
614,7.138997,1,0,0,1032,3,-1541
615,7.150581,0,1,0,1033,0,-1542
616,7.162147,0,-1,3,1032,0,-1547
617,7.173719,1,0,2,1029,-2,-1543
618,7.185368,0,-1,2,1032,3,-1545
619,7.19703,2,1,2,1033,2,-1547
620,7.20876,-1,-1,0,1033,0,-1544
621,7.220421,1,0,2,1034,0,-1543
622,7.232073,1,2,1,1030,-1,-1540
623,7.243763,-1,0,-1,1032,3,-1548
624,7.255414,0,0,2,1033,-1,-1550
625,7.267109,3,-1,1,1029,-1,-1543
626,7.27879,0,1,0,1032,1,-1548
627,7.290462,0,2,1,1031,-1,-1544
628,7.302017,0,-1,1,1032,-1,-1544
629,7.313572,1,2,1,1032,0,-1541
630,7.325122,0,3,2,1031,-4,-1543
631,7.336674,1,0,2,1032,2,-1552
632,7.348224,-2,-2,1,1032,0,-1541
633,7.359788,0,-2,2,1034,-3,-1546
634,7.371342,2,1,1,1034,4,-1548
635,7.382962,0,0,0,1029,0,-1542
636,7.394646,0,1,1,1030,0,-1544
637,7.406307,-1,-2,2,1029,1,-1544
638,7.41795,0,1,3,1032,0,-1544
639,7.429635,0,-1,2,1032,0,-1540
640,7.441328,1,1,3,1034,-1,-1548
641,7.452996,0,1,2,1035,1,-1537
642,7.464652,2,-1,-1,1034,-1,-1541
643,7.47629,0,0,0,1032,1,-1548
644,7.487954,-1,0,1,1030,0,-1539
645,7.499639,1,0,1,1031,3,-1541
646,7.511225,-1,2,1,1031,-1,-1543
647,7.522771,2,-1,2,1036,-2,-1546
648,7.534319,0,1,1,1029,0,-1548
649,7.545858,0,-1,2,1034,0,-1540
650,7.557419,0,-1,0,1032,1,-1546
651,7.568969,1,1,1,1031,-1,-1545
652,7.58051,2,0,2,1031,1,-1544
653,7.592112,1,1,1,1033,0,-1547
654,7.603761,1,1,0,1032,0,-1544
655,7.615435,0,0,2,1033,-4,-1546
656,7.62712,1,3,0,1032,-4,-1551
657,7.638786,-1,-2,2,1032,-1,-1544
658,7.650455,-1,1,3,1033,2,-1548
659,7.662113,1,2,3,1032,0,-1547
660,7.673772,2,1,2,1030,-1,-1543
661,7.685428,2,1,1,1031,0,-1543
662,7.697094,0,0,0,1033,0,-1541
663,7.708782,1,-1,1,1030,1,-1545
664,7.720363,0,0,2,1034,-3,-1543
665,7.731922,1,1,1,1033,0,-1540
666,7.743473,1,0,0,1030,0,-1544
667,7.755048,0,0,0,1032,0,-1551
668,7.766605,1,1,-1,1028,4,-1545
669,7.778186,1,2,3,1035,0,-1543
670,7.789735,0,0,2,1032,0,-1544
671,7.801331,1,-2,2,1033,0,-1547
672,7.813005,-2,-2,1,1033,-1,-1544
673,7.824657,1,-1,3,1032,4,-1542
674,7.836322,1,-2,0,1032,0,-1549
675,7.84802,2,2,2,1035,2,-1548
676,7.859693,0,-1,1,1032,-3,-1547
677,7.871374,0,-2,0,1032,2,-1545
678,7.883053,0,2,0,1036,2,-1544
679,7.89474,1,2,2,1031,-3,-1544
680,7.906399,2,-1,2,1034,-2,-1551
681,7.91806,1,2,-1,1029,-2,-1547
682,7.929623,-2,2,0,1038,-1,-1544
683,7.941195,-1,-1,2,1032,4,-1545
684,7.952737,0,-1,0,1033,-4,-1544
685,7.964273,0,0,0,1032,0,-1552
686,7.975823,1,-2,0,1032,1,-1542
687,7.987414,0,-2,1,1032,2,-1534
688,7.998951,1,-1,0,1032,0,-1546
689,8.010543,-1,0,-2,1033,1,-1545
690,8.022173,0,-1,2,1035,0,-1545
691,8.03385,0,2,2,1032,0,-1543
692,8.045497,0,2,1,1033,-1,-1547
693,8.057149,0,-1,1,1034,-3,-1547
694,8.068842,1,2,0,1033,-1,-1542
695,8.080498,0,-4,2,1031,1,-1548
696,8.092155,2,0,1,1034,0,-1547
697,8.103798,1,-1,0,1033,-1,-1544
698,8.115509,1,2,0,1033,0,-1542
699,8.127156,0,-1,1,1030,-1,-1547
700,8.138704,0,0,-1,1029,-1,-1545
701,8.150275,0,2,0,1033,4,-1548
702,8.161827,1,0,0,1033,0,-1542
703,8.173391,0,0,1,1029,0,-1543
704,8.184954,1,1,2,1032,0,-1553
705,8.196498,-1,-1,2,1029,0,-1541
706,8.208044,2,-2,2,1036,0,-1547
707,8.219609,0,-2,1,1032,1,-1543
708,8.231245,1,0,0,1030,1,-1550
709,8.242925,-1,1,3,1034,0,-1549
710,8.254612,0,2,2,1032,2,-1547
711,8.266269,1,1,0,1030,-3,-1547
712,8.277917,0,1,1,1031,-1,-1540
713,8.28958,0,2,2,1032,1,-1544
714,8.301233,1,0,2,1037,0,-1544
715,8.312879,0,1,2,1034,3,-1547
716,8.324544,3,1,0,1032,0,-1542
717,8.336193,-1,1,2,1033,0,-1545
718,8.347881,2,1,0,1033,0,-1549
719,8.359541,0,0,2,1030,-2,-1550
720,8.371231,0,1,0,1035,-1,-1545
721,8.382881,-1,0,0,1030,1,-1545
722,8.394534,0,-1,0,1033,-2,-1546
723,8.406203,1,2,0,1033,4,-1544
724,8.417862,0,1,0,1032,0,-1550
725,8.429545,2,-2,0,1032,-2,-1551
726,8.441222,1,1,2,1034,-6,-1542
727,8.452868,1,0,0,1032,0,-1543
728,8.464522,1,1,1,1032,0,-1550
729,8.476166,1,-1,0,1031,0,-1539
730,8.487847,-1,-1,0,1033,-1,-1547
731,8.499501,2,-1,1,1032,0,-1542
732,8.511155,1,0,2,1031,1,-1544
733,8.522846,0,-2,0,1031,3,-1543
734,8.53452,1,-3,1,1029,0,-1542
735,8.54621,1,-1,2,1032,0,-1548
736,8.557866,-1,0,2,1032,-3,-1546
737,8.569512,2,1,1,1032,-1,-1544
738,8.581163,0,1,1,1031,1,-1547
739,8.592846,0,-2,1,1034,0,-1544
740,8.604501,0,0,1,1033,0,-1543
741,8.616172,0,-1,3,1030,-1,-1546
742,8.627825,0,-1,0,1031,0,-1544
743,8.639514,0,-1,2,1032,-1,-1543
744,8.651173,-1,0,2,1033,3,-1549
745,8.662751,-1,1,1,1033,3,-1545
746,8.674317,2,-1,1,1034,3,-1547
747,8.685872,1,-1,2,1031,0,-1546
748,8.697442,-1,-1,1,1032,-1,-1544
749,8.708983,0,-1,2,1034,-3,-1545
750,8.720527,1,-1,2,1032,-3,-1545
751,8.732077,1,0,2,1034,-1,-1544
752,8.743682,-1,1,0,1032,0,-1542
753,8.755324,2,-1,2,1032,-2,-1546
754,8.76699,1,0,1,1032,0,-1547
755,8.778648,1,0,1,1032,0,-1548
756,8.790287,-1,0,2,1032,0,-1544
757,8.801936,-1,-1,-1,1034,0,-1549
758,8.813623,0,0,2,1035,0,-1541
759,8.825261,1,-1,1,1033,4,-1544
760,8.836906,1,0,2,1032,-3,-1551
761,8.848607,0,0,1,1032,-1,-1546
762,8.860268,2,-1,2,1033,0,-1545
763,8.871825,-1,0,-1,1032,-1,-1547
764,8.883438,0,-1,1,1033,0,-1535
765,8.895,-1,-1,2,1032,-1,-1544
766,8.906582,-1,2,-1,1032,-1,-1547
767,8.918194,0,2,1,1031,2,-1539
768,8.929744,0,-3,2,1029,0,-1545
769,8.941296,0,-1,1,1032,-2,-1541
770,8.952861,-1,-1,0,1028,-2,-1546
771,8.964491,1,-1,3,1030,0,-1549
772,8.976146,1,-1,0,1032,0,-1546
773,8.987837,-1,-3,3,1034,1,-1545
774,8.999497,1,-3,2,1034,-3,-1545
775,9.011156,1,1,1,1033,2,-1543
776,9.022851,-1,0,0,1032,0,-1545
777,9.03452,2,1,2,1034,-2,-1543
778,9.046186,1,-1,2,1034,0,-1547
779,9.05787,-1,-2,2,1032,0,-1540
780,9.069526,1,1,0,1033,0,-1542
781,9.081085,2,0,2,1032,-1,-1544
782,9.092664,0,0,2,1032,-2,-1549
783,9.104206,2,0,2,1032,2,-1547
784,9.115816,1,-1,1,1030,0,-1544
785,9.127404,2,-2,-1,1031,0,-1545
786,9.138948,-1,-1,2,1032,1,-1546
787,9.150494,0,1,4,1035,0,-1543
788,9.162057,0,-1,-1,1034,-1,-1545
789,9.17368,1,-1,0,1031,1,-1549
790,9.185332,1,-1,2,1034,0,-1546
791,9.196989,-1,0,0,1032,4,-1541
792,9.208641,1,-1,0,1034,4,-1550
793,9.220279,1,-1,2,1034,-3,-1542
794,9.231937,1,0,-1,1037,0,-1544
795,9.243621,-1,-1,1,1036,0,-1550
796,9.255267,0,1,1,1029,3,-1539
797,9.266932,-2,1,3,1034,2,-1546
798,9.27859,1,0,0,1034,-2,-1543
799,9.290195,0,0,1,1033,-1,-1541
800,9.301749,-1,1,-2,1033,2,-1546
801,9.313312,1,0,2,1031,1,-1548
802,9.324855,2,0,1,1034,-1,-1541
803,9.336401,0,1,1,1034,1,-1540
804,9.347953,0,1,2,1033,0,-1545
805,9.359547,2,-2,1,1032,-3,-1546
806,9.371109,2,-1,-1,1031,1,-1547
807,9.382746,1,-2,2,1031,0,-1548
808,9.3944,-1,1,0,1032,-1,-1547
809,9.406052,-2,0,0,1032,0,-1544
810,9.417725,1,0,-1,1032,-2,-1541
811,9.429369,0,-1,0,1031,-2,-1544
812,9.441018,1,3,0,1033,1,-1549
813,9.452692,0,1,1,1032,-2,-1548
814,9.464352,0,0,3,1033,-2,-1549
815,9.476018,1,0,2,1032,0,-1540
816,9.48767,1,-2,0,1032,0,-1543
817,9.49923,1,-2,3,1033,0,-1545
818,9.510808,1,0,1,1032,-3,-1544
819,9.522369,1,0,0,1027,-1,-1547
820,9.533933,1,0,0,1034,0,-1542
821,9.545478,0,3,0,1032,3,-1537
822,9.557055,1,0,2,1033,-1,-1549
823,9.568593,0,1,3,1033,0,-1541
824,9.580192,-1,1,0,1033,-2,-1547
825,9.59182,1,-1,0,1030,2,-1545
826,9.603507,2,-1,1,1030,-1,-1538
827,9.61517,1,0,2,1032,0,-1536
828,9.626854,0,1,1,1032,1,-1545
829,9.638507,1,1,4,1029,0,-1537
830,9.650164,-1,1,3,1035,-4,-1546
831,9.661879,0,0,1,1028,-1,-1541
832,9.673527,-1,1,0,1034,1,-1549
833,9.685219,1,0,-2,1032,-1,-1549
834,9.69688,0,0,0,1033,0,-1539
835,9.708526,1,-1,-1,1030,0,-1547
836,9.72018,1,0,0,1028,4,-1545
837,9.731896,2,-1,0,1032,0,-1548
838,9.743557,-1,1,3,1033,2,-1547
839,9.75524,-1,1,0,1032,-2,-1539
840,9.766909,0,-1,0,1031,0,-1542
841,9.778574,0,1,1,1036,4,-1547
842,9.790305,1,2,1,1032,-2,-1542
843,9.801976,-1,0,1,1030,1,-1545
844,9.813537,0,1,4,1031,-2,-1548
845,9.825088,-1,0,2,1033,0,-1545
846,9.836665,2,1,3,1028,2,-1546
847,9.848215,-1,0,2,1033,1,-1544
848,9.859804,-1,0,2,1032,-2,-1543
849,9.87135,1,1,2,1032,1,-1549
850,9.882934,-2,-1,-3,1035,-2,-1542
851,9.894466,0,-1,1,1034,2,-1549
852,9.906102,2,-1,0,1033,-1,-1550
853,9.917757,2,1,1,1031,0,-1548
854,9.929399,0,-1,1,1030,2,-1546
855,9.941044,-1,0,1,1032,3,-1538
856,9.95272,1,1,4,1035,0,-1542
857,9.964359,-1,-2,0,1034,-2,-1549
858,9.976008,2,1,0,1030,-1,-1549
859,9.987678,0,-2,2,1032,-1,-1549
860,9.999377,2,0,0,1032,0,-1543
861,10.011038,1,-1,1,1034,1,-1540
862,10.022731,0,0,2,1033,-2,-1547
863,10.034446,1,1,2,1032,1,-1545
864,10.046138,0,1,1,1032,0,-1544
865,10.057794,0,1,2,1031,-5,-1540
866,10.069465,-1,-1,0,1029,-1,-1544
867,10.081113,1,-1,1,1029,-1,-1548
868,10.092764,0,2,1,1031,-2,-1549
869,10.104459,0,2,2,1032,0,-1547
870,10.116114,0,1,2,1033,1,-1542
871,10.127684,1,-1,1,1030,-1,-1542
872,10.139265,2,2,3,1030,1,-1549
873,10.15083,0,1,2,1029,2,-1543
874,10.162411,0,-1,2,1031,0,-1548
875,10.173955,1,0,0,1032,-2,-1545
876,10.185505,1,1,1,1030,1,-1546
877,10.197061,2,0,1,1032,0,-1543
878,10.20863,0,-1,0,1033,0,-1547
879,10.220257,1,1,0,1030,3,-1550
880,10.231919,1,-2,2,1034,2,-1546
881,10.243608,2,0,2,1032,-1,-1540
882,10.255237,0,-2,3,1033,-2,-1546
883,10.266909,0,-1,2,1032,0,-1545
884,10.278592,1,0,3,1035,-2,-1546
885,10.290245,-1,1,2,1036,3,-1548
886,10.301892,1,0,1,1033,0,-1545
887,10.313579,0,0,-2,1030,-4,-1542
888,10.325243,1,0,2,1030,-2,-1545
889,10.336811,2,-2,2,1033,0,-1544
890,10.348358,0,0,1,1030,1,-1539
891,10.359902,-1,-1,1,1032,2,-1545
892,10.37142,2,2,2,1031,2,-1545
893,10.382942,2,0,1,1032,3,-1539
894,10.394506,0,-1,1,1032,0,-1546
895,10.406071,2,-1,1,1032,-1,-1547
896,10.417623,1,0,2,1035,1,-1545
897,10.429249,-2,3,1,1032,-6,-1541
898,10.440976,0,0,-1,1032,0,-1536
899,10.45269,0,0,1,1032,-2,-1545
900,10.464372,0,-1,1,1032,0,-1551
901,10.476067,1,-1,-1,1029,-4,-1542
902,10.487737,2,2,0,1032,0,-1550
903,10.499402,-1,0,0,1030,-3,-1544
904,10.511095,0,0,1,1032,4,-1547
905,10.522724,2,-2,-1,1029,-3,-1544
906,10.534299,-1,0,0,1032,0,-1546
907,10.545851,2,0,0,1030,2,-1548
908,10.557427,1,0,3,1035,5,-1541
909,10.56897,-1,1,1,1032,0,-1540
910,10.580518,3,0,0,1028,1,-1552
911,10.592083,1,2,0,1036,0,-1546
912,10.603666,1,0,-1,1029,4,-1541
913,10.615227,0,1,0,1031,0,-1548
914,10.626842,2,-1,3,1033,1,-1546
915,10.638533,1,-1,0,1033,1,-1545
916,10.650254,1,1,-3,1031,0,-1549
917,10.661913,0,-1,1,1029,-1,-1541
918,10.673569,-1,-1,2,1033,1,-1547
919,10.685235,0,2,1,1034,0,-1542
920,10.69689,2,0,1,1033,1,-1543
921,10.708538,0,0,1,1031,0,-1549
922,10.720195,1,1,0,1029,0,-1541
923,10.731906,1,-1,2,1033,-2,-1544
924,10.743602,0,0,0,1028,-1,-1543
925,10.755186,2,2,2,1030,-1,-1544
926,10.766768,2,-1,1,1030,-2,-1547
927,10.778316,1,2,0,1035,0,-1549
928,10.789892,-1,1,2,1032,1,-1549
929,10.801442,-1,0,2,1031,-3,-1545
930,10.813001,0,0,1,1033,-2,-1542
931,10.82455,0,1,0,1034,-2,-1546
932,10.8361,1,-2,1,1032,0,-1547
933,10.847766,0,-1,-1,1035,0,-1543
934,10.859486,0,0,1,1030,4,-1547
935,10.871159,-1,1,1,1034,5,-1545
936,10.88287,-1,-1,1,1032,1,-1542
937,10.894528,-1,1,0,1033,-5,-1547
938,10.906198,0,-1,2,1032,4,-1545
939,10.917854,0,-1,1,1029,1,-1543
940,10.929503,-1,1,0,1031,3,-1547
941,10.941158,2,-1,1,1032,-1,-1553
942,10.95271,0,0,0,1033,-1,-1548
943,10.964248,1,1,2,1033,-2,-1547
944,10.975793,0,0,1,1032,2,-1549
945,10.987347,1,-1,1,1034,0,-1548
946,10.998939,2,0,0,1035,-1,-1537
947,11.0105,-2,-1,0,1032,0,-1542
948,11.02205,1,2,0,1030,3,-1545
949,11.033588,3,-1,-1,1033,-2,-1546
950,11.04514,2,0,3,1031,1,-1548
951,11.056764,0,0,1,1032,2,-1540
952,11.068379,1,1,1,1033,0,-1545
953,11.080034,-1,0,2,1033,2,-1548
954,11.091729,1,1,1,1032,-3,-1536
955,11.103374,-1,0,3,1031,0,-1542
956,11.115017,1,1,0,1035,-1,-1547
957,11.126724,1,1,1,1033,0,-1543
958,11.138398,0,1,1,1033,-1,-1545
959,11.150063,0,1,2,1034,2,-1543
960,11.161736,0,0,2,1032,1,-1547
961,11.173313,1,0,1,1032,2,-1543
962,11.184887,-1,0,1,1026,-1,-1542
963,11.196437,0,1,2,1030,0,-1540
964,11.208003,-1,0,0,1031,-1,-1543
965,11.219563,2,2,1,1034,2,-1547
966,11.231117,0,2,-2,1032,2,-1549
967,11.24269,1,1,0,1035,1,-1544
968,11.254318,0,1,0,1032,0,-1549
969,11.266077,1,0,1,1032,-1,-1543
970,11.277739,-1,0,0,1032,-3,-1543
971,11.289388,0,-1,2,1032,3,-1551
972,11.301047,2,1,4,1032,-2,-1535
973,11.312723,0,2,1,1032,0,-1551
974,11.324388,1,0,1,1032,0,-1542
975,11.336037,-2,-1,2,1031,0,-1548
976,11.347732,1,1,1,1032,-4,-1542
977,11.359399,0,0,0,1032,1,-1544
978,11.37094,0,0,2,1033,2,-1542
979,11.382532,1,1,0,1032,2,-1544
980,11.394084,0,0,3,1031,0,-1540
981,11.405665,1,-1,0,1034,1,-1543
982,11.417222,1,-2,3,1029,2,-1544
983,11.42881,-1,3,0,1030,-3,-1542
984,11.440387,2,-2,2,1035,2,-1539
985,11.451937,1,1,1,1031,-5,-1552
986,11.463524,1,0,1,1033,1,-1542
987,11.475203,1,0,0,1033,0,-1550
988,11.486822,0,0,0,1033,0,-1541
989,11.498367,0,1,2,1030,1,-1546
990,11.509951,3,1,1,1031,0,-1547
991,11.521502,1,-1,1,1030,-2,-1547
992,11.533056,1,-1,3,1031,0,-1542
993,11.54461,0,0,1,1035,2,-1545
994,11.556184,1,1,0,1033,-1,-1543
995,11.567805,-2,1,2,1032,-1,-1542
996,11.579447,2,1,0,1032,-3,-1547
997,11.591002,0,1,0,1033,0,-1539
998,11.602583,0,1,1,1032,1,-1542
999,11.614133,1,1,1,1032,2,-1540
1000,11.625684,0,0,4,1033,-3,-1541
1001,11.63728,1,1,1,1032,1,-1548
1002,11.648832,1,0,1,1033,3,-1539
1003,11.660419,1,0,1,1032,2,-1550
1004,11.672167,0,-2,3,1031,-2,-1547
1005,11.683883,0,0,1,1034,0,-1538
1006,11.695548,0,-1,2,1033,0,-1545
1007,11.707226,0,1,0,1034,3,-1542
1008,11.718892,2,0,1,1030,0,-1548
1009,11.730537,0,-1,-1,1036,-1,-1536
1010,11.742196,1,1,-1,1034,2,-1542
1011,11.753859,-1,-3,1,1031,0,-1548
1012,11.765497,1,1,2,1035,0,-1547
1013,11.77706,0,0,1,1031,0,-1546
1014,11.788626,0,1,2,1033,1,-1546
1015,11.800171,1,0,1,1035,1,-1544
1016,11.811717,0,0,1,1032,0,-1541
1017,11.823293,2,0,0,1032,2,-1550
1018,11.834841,0,0,1,1032,0,-1551
1019,11.846388,1,0,0,1030,5,-1546
1020,11.85795,3,1,0,1030,4,-1541
1021,11.869664,1,-1,2,1032,0,-1543
1022,11.881435,2,0,1,1034,0,-1543
1023,11.8931,1,0,1,1033,2,-1543
1024,11.904751,0,3,2,1032,-1,-1551
1025,11.916423,1,1,2,1029,0,-1545
1026,11.928078,1,-1,2,1033,0,-1550
1027,11.939754,2,0,1,1033,1,-1552
1028,11.951424,0,1,2,1033,0,-1548
1029,11.963099,1,0,4,1028,-1,-1538
1030,11.974687,0,-2,1,1032,2,-1543
1031,11.98623,-1,0,2,1032,-1,-1545
1032,11.997772,-1,2,2,1031,0,-1543
1033,12.009318,1,2,2,1032,-2,-1545
1034,12.020895,0,1,0,1032,2,-1543
1035,12.032442,-1,1,2,1031,-3,-1545
1036,12.044025,1,1,0,1020,0,-1542
1037,12.05557,0,0,2,1031,1,-1543
1038,12.067128,1,-2,2,1030,5,-1547
1039,12.078856,2,-1,3,1030,-2,-1549
1040,12.090539,-1,1,1,1033,0,-1548
1041,12.102221,2,2,2,1034,5,-1548
1042,12.113878,1,-1,0,1035,-2,-1543
1043,12.125531,0,-1,2,1034,1,-1548
1044,12.137207,1,0,1,1036,1,-1541
1045,12.148852,0,-2,2,1031,1,-1545
1046,12.160494,2,1,1,1032,2,-1539
1047,12.17219,-2,0,0,1029,-2,-1540
1048,12.183901,1,1,1,1032,-2,-1550
1049,12.19546,1,-1,0,1027,1,-1547
1050,12.207028,0,2,0,1032,0,-1539
1051,12.2186,-1,1,-1,1032,-1,-1542
1052,12.230151,2,0,2,1032,0,-1540
1053,12.241709,1,1,1,1031,0,-1543
1054,12.2533,0,-1,0,1037,-2,-1540
1055,12.264859,0,1,1,1034,-1,-1544
1056,12.276422,1,1,1,1035,2,-1551
1057,12.288017,4,0,1,1032,3,-1546
1058,12.299581,1,0,-1,1031,-1,-1547
1059,12.311179,1,-2,2,1037,-3,-1544
1060,12.322828,-1,3,1,1036,0,-1545
1061,12.334407,0,1,2,1033,0,-1546
1062,12.345956,1,0,2,1033,0,-1538
1063,12.357514,1,1,1,1032,1,-1547
1064,12.369064,1,0,3,1031,-2,-1550
1065,12.380624,1,1,2,1032,1,-1547
1066,12.392275,-2,-1,0,1031,0,-1540
1067,12.403965,0,0,0,1033,1,-1542
1068,12.415628,1,0,1,1033,1,-1545
1069,12.427285,2,1,1,1033,-1,-1543
1070,12.438976,1,-1,-1,1032,2,-1546
1071,12.450636,1,-2,2,1032,0,-1544
1072,12.462316,-1,0,1,1030,3,-1544
1073,12.473988,3,-2,0,1030,0,-1548
1074,12.485698,1,-1,1,1032,2,-1548
1075,12.497285,1,1,1,1029,-1,-1545
1076,12.508829,-1,1,1,1032,0,-1547
1077,12.520378,1,1,3,1032,-2,-1543
1078,12.531925,1,1,0,1033,-2,-1544
1079,12.543474,-1,0,3,1033,0,-1550
1080,12.555045,0,-2,0,1033,-1,-1543
1081,12.566623,-1,2,3,1031,0,-1551
1082,12.578181,1,-1,-1,1033,-1,-1545
1083,12.589893,1,-1,0,1032,0,-1539
1084,12.60176,2,1,1,1030,-2,-1544
1085,12.613537,0,-1,0,1033,5,-1546
1086,12.625212,2,1,2,1032,1,-1545
1087,12.636873,1,0,3,1030,0,-1543
1088,12.648555,1,0,1,1029,0,-1546
1089,12.660221,1,-1,2,1034,2,-1546
1090,12.671889,1,-1,1,1032,-3,-1541
1091,12.683606,2,2,0,1034,0,-1544
1092,12.695233,0,0,1,1032,0,-1544
1093,12.706847,0,0,1,1033,-3,-1541
1094,12.718411,0,1,1,1029,-2,-1541
1095,12.729967,2,0,3,1033,2,-1552
1096,12.741518,0,0,2,1031,0,-1543
1097,12.753068,0,-1,1,1032,0,-1545
1098,12.764617,1,0,1,1031,-1,-1551
1099,12.776166,1,0,-1,1030,1,-1542
1100,12.787799,2,1,2,1033,-2,-1546
1101,12.799382,1,1,2,1030,0,-1542
1102,12.810934,0,0,1,1031,0,-1550
1103,12.822454,0,2,1,1032,0,-1542
1104,12.834008,0,0,2,1035,1,-1549
1105,12.845558,3,0,4,1036,0,-1548
1106,12.857109,2,0,3,1031,-4,-1548
1107,12.868672,2,0,1,1035,0,-1542
1108,12.880269,-1,1,2,1030,-5,-1542
1109,12.891906,1,0,0,1030,-1,-1545
1110,12.903569,-1,0,0,1035,-2,-1546
1111,12.915254,1,0,-2,1030,0,-1547
1112,12.926943,0,0,2,1036,0,-1547
1113,12.938613,2,0,0,1033,0,-1545
1114,12.950267,0,0,1,1032,1,-1546
1115,12.961917,1,0,3,1033,-2,-1545
1116,12.97359,1,-2,1,1032,0,-1541
1117,12.985264,-1,2,2,1029,1,-1541
1118,12.996952,-1,-1,2,1032,0,-1540
1119,13.008616,2,-1,3,1032,2,-1538
1120,13.020255,1,1,1,1029,2,-1539
1121,13.031916,2,1,-1,1031,0,-1536
1122,13.043615,-2,-1,3,1031,-2,-1539
1123,13.05523,0,-1,-1,1029,0,-1541
1124,13.066907,1,-3,0,1035,0,-1544
1125,13.078594,0,0,1,1032,4,-1543
1126,13.090233,-1,0,2,1032,5,-1545
1127,13.101892,1,-1,-1,1032,-1,-1543
1128,13.113515,1,2,-1,1032,4,-1546
1129,13.125124,-1,0,1,1032,0,-1544
1130,13.136675,2,1,0,1032,-1,-1542
1131,13.148227,0,-2,1,1032,-2,-1545
1132,13.159785,1,-1,1,1029,1,-1546
1133,13.171338,3,-3,1,1034,3,-1546
1134,13.182926,-1,0,0,1035,2,-1544
1135,13.194515,2,0,2,1032,2,-1552
1136,13.206083,2,3,0,1031,0,-1544
1137,13.217754,-2,-3,0,1032,2,-1544
1138,13.229443,1,-1,2,1035,-3,-1541
1139,13.241101,0,1,0,1027,0,-1545
1140,13.252768,1,-2,1,1033,1,-1545
1141,13.26444,1,0,2,1031,-3,-1541
1142,13.276094,0,-4,1,1035,-4,-1546
1143,13.28776,0,0,-1,1038,2,-1544
1144,13.29944,0,0,0,1036,1,-1546
1145,13.311127,0,0,0,1033,3,-1545
1146,13.322824,0,-1,0,1032,1,-1556
1147,13.334392,1,0,1,1031,0,-1544
1148,13.345943,-1,-1,2,1034,-1,-1546
1149,13.357527,0,-1,1,1029,-2,-1531
1150,13.36909,2,0,1,1036,0,-1545
1151,13.380656,1,-1,2,1037,-2,-1544
1152,13.392215,0,0,-2,1033,1,-1544
1153,13.403782,2,0,2,1034,3,-1548
1154,13.415345,3,-2,-1,1035,0,-1550
1155,13.426988,0,2,1,1032,-5,-1551
1156,13.438755,1,0,0,1032,1,-1544
1157,13.450473,-2,1,-1,1028,3,-1548
1158,13.462131,3,-1,1,1032,1,-1545
1159,13.473805,0,-1,2,1033,-2,-1542
1160,13.485462,1,-1,0,1029,-1,-1547
1161,13.497112,-2,0,-1,1031,0,-1544
1162,13.508779,0,0,3,1029,-3,-1545
1163,13.520446,0,1,-1,1029,0,-1551
1164,13.532149,-2,0,2,1032,0,-1552
1165,13.543762,2,1,0,1034,-4,-1546
1166,13.555326,2,0,1,1032,1,-1536
1167,13.566922,-1,0,2,1032,3,-1544
1168,13.578455,0,1,-1,1031,1,-1536
1169,13.59,0,3,3,1033,2,-1550
1170,13.601549,1,-1,2,1036,1,-1543
1171,13.613101,1,1,0,1032,4,-1551
1172,13.624676,1,-1,2,1032,0,-1548
1173,13.636382,1,1,1,1032,0,-1547
1174,13.648063,0,1,1,1033,-3,-1550
1175,13.659737,1,0,2,1030,-4,-1544
1176,13.671402,0,-1,0,1035,-1,-1546
1177,13.683102,0,-2,1,1031,-4,-1546
1178,13.694722,0,1,1,1032,0,-1540
1179,13.706371,-2,-1,1,1029,0,-1550
1180,13.718064,1,0,2,1028,-2,-1543
1181,13.729768,1,1,2,1034,1,-1544
1182,13.741426,1,-3,1,1032,0,-1542
1183,13.752981,1,0,3,1033,0,-1551
1184,13.764525,0,2,0,1036,3,-1539
1185,13.77608,0,0,0,1032,-2,-1544
1186,13.787659,1,-1,1,1032,-2,-1546
1187,13.799218,1,-2,1,1033,-1,-1543
1188,13.810805,0,0,-2,1030,0,-1547
1189,13.822344,-1,-2,1,1031,-2,-1543
1190,13.833897,0,-1,3,1032,0,-1550
1191,13.845573,0,2,1,1031,-1,-1542
1192,13.857229,1,1,3,1029,6,-1539
1193,13.868875,0,2,1,1032,-2,-1541
1194,13.88054,1,0,0,1034,-1,-1547
1195,13.892206,0,-1,1,1031,-1,-1544
1196,13.903878,1,0,2,1036,2,-1537
1197,13.915552,1,1,2,1027,0,-1537
1198,13.927229,3,-2,1,1032,2,-1544
1199,13.938915,-1,-2,2,1034,0,-1543
1200,13.950603,-2,2,0,1029,-1,-1542
1201,13.962254,1,-2,2,1034,2,-1546
1202,13.973925,0,2,0,1035,-1,-1546
1203,13.985583,1,0,2,1031,0,-1539
1204,13.997237,1,-2,1,1031,1,-1540
1205,14.008881,1,1,-1,1038,0,-1544
1206,14.020531,2,1,1,1032,3,-1542
1207,14.032197,0,0,3,1032,1,-1544
1208,14.043907,2,-2,1,1035,0,-1550
1209,14.055575,-2,0,1,1035,-3,-1544
1210,14.06724,2,-2,1,1032,0,-1547
1211,14.078897,2,2,2,1035,1,-1546
1212,14.090578,0,1,2,1034,-2,-1543
1213,14.102259,2,1,2,1033,-1,-1543
1214,14.113905,0,1,1,1031,0,-1538
1215,14.125566,2,1,1,1030,-1,-1546
1216,14.137228,0,0,1,1036,-1,-1546
1217,14.149015,-2,-2,2,1029,0,-1541
1218,14.160717,1,-1,2,1029,1,-1544
1219,14.172311,-1,-1,1,1028,0,-1548
1220,14.183903,-1,-1,-1,1034,0,-1542
1221,14.195462,0,0,3,1034,-1,-1543
1222,14.207045,0,1,0,1031,2,-1545
1223,14.2186,1,0,2,1034,0,-1546
1224,14.230157,0,2,3,1033,-1,-1541
1225,14.241696,-2,0,3,1034,-1,-1541
1226,14.253265,0,1,1,1031,2,-1543
1227,14.264915,2,1,0,1031,0,-1544
1228,14.276579,0,-1,2,1031,0,-1541
1229,14.288236,0,0,0,1033,-2,-1547
1230,14.299916,1,2,2,1033,0,-1546
1231,14.311602,1,0,1,1029,-2,-1545
1232,14.323235,1,-1,2,1030,0,-1547
1233,14.334909,1,-1,0,1032,2,-1551
1234,14.34659,0,1,3,1032,0,-1543
1235,14.358256,0,0,2,1031,1,-1542
1236,14.369921,0,1,0,1033,1,-1542
1237,14.381481,1,0,1,1034,-1,-1546
1238,14.393038,2,-1,-1,1034,1,-1547
1239,14.404587,0,2,2,1034,0,-1555
1240,14.416136,-1,0,2,1031,0,-1548
1241,14.427663,0,0,3,1034,0,-1543
1242,14.439274,2,0,0,1033,-4,-1544
1243,14.450836,-1,-2,1,1030,-1,-1543
1244,14.462405,-1,-1,0,1036,0,-1543
1245,14.47412,0,-1,0,1031,1,-1540
1246,14.485789,0,0,2,1032,-1,-1538
1247,14.497442,0,-1,2,1029,0,-1540
1248,14.509099,0,0,0,1032,0,-1545
1249,14.520773,-1,-1,1,1032,0,-1546
1250,14.53246,1,3,1,1032,-2,-1547
1251,14.544222,1,-2,0,1029,1,-1543
1252,14.555964,1,1,-1,1032,-3,-1545
1253,14.56764,1,0,2,1032,-1,-1547
1254,14.579165,1,0,0,1031,-1,-1550
1255,14.590731,0,-1,-1,1033,0,-1548
1256,14.6023,-2,-1,2,1033,1,-1545
1257,14.613891,0,0,1,1036,0,-1546
1258,14.625488,1,0,3,1028,2,-1543
1259,14.637045,0,1,-1,1031,1,-1544
1260,14.648589,0,1,0,1033,-2,-1550
1261,14.660137,2,0,1,1032,2,-1548
1262,14.671675,1,0,2,1032,0,-1554
1263,14.683391,1,0,1,1033,0,-1549
1264,14.695059,0,0,3,1034,-1,-1543
1265,14.706727,1,2,-1,1032,1,-1547
1266,14.718404,0,1,0,1032,1,-1548
1267,14.730071,1,0,0,1032,0,-1543
1268,14.741731,1,-1,0,1033,0,-1546
1269,14.753389,0,0,0,1032,-2,-1545
1270,14.765071,0,-1,0,1033,-3,-1542
1271,14.776733,0,-1,1,1034,1,-1547
1272,14.78842,1,0,2,1038,-7,-1547
1273,14.800008,1,0,3,1030,-5,-1548
1274,14.811565,1,2,2,1033,-1,-1546
1275,14.823134,1,1,3,1035,-4,-1542
1276,14.834694,-1,-3,1,1030,-1,-1543
1277,14.846277,0,0,2,1028,-2,-1549
1278,14.857858,1,-2,1,1029,-2,-1545
1279,14.869408,1,-1,0,1031,0,-1541
1280,14.880968,2,1,0,1032,2,-1540
1281,14.892618,0,0,1,1031,-1,-1542
1282,14.904284,2,0,2,1031,1,-1540
1283,14.915969,2,0,1,1029,0,-1540
1284,14.927653,1,1,0,1035,0,-1542
1285,14.939315,1,-1,3,1033,0,-1542
1286,14.950978,1,2,0,1032,0,-1541
1287,14.962652,1,2,1,1032,3,-1544
1288,14.974313,0,-1,0,1032,-1,-1546
1289,14.985979,0,-1,0,1033,0,-1540
1290,14.997654,1,2,0,1032,-2,-1545
1291,15.009314,0,0,0,1033,4,-1550
1292,15.020966,0,0,2,1033,0,-1551
1293,15.032606,-1,2,0,1032,0,-1541
1294,15.044248,1,0,3,1034,0,-1543
1295,15.055922,-2,-1,2,1033,1,-1550
1296,15.0676,-1,-1,1,1031,0,-1544
1297,15.079235,0,1,0,1032,0,-1547
1298,15.090935,0,1,1,1032,4,-1542
1299,15.102601,1,2,2,1031,-4,-1535
1300,15.114256,-1,-1,1,1032,0,-1551
1301,15.125943,1,0,1,1035,5,-1544
1302,15.137591,0,0,2,1033,-1,-1540
1303,15.149237,1,0,0,1034,0,-1544
1304,15.160925,0,-2,2,1032,0,-1542
1305,15.172705,-1,-2,2,1030,-1,-1546
1306,15.184358,2,0,2,1034,0,-1548
1307,15.196104,0,2,1,1034,1,-1541
1308,15.207757,0,-1,1,1033,0,-1546
1309,15.21938,0,-1,-1,1030,0,-1541
1310,15.230936,-2,-1,1,1033,-1,-1549
1311,15.242506,1,-1,0,1031,4,-1545
1312,15.254054,1,0,2,1035,1,-1537
1313,15.265626,0,1,1,1033,0,-1545
1314,15.277176,2,1,4,1032,0,-1547
1315,15.288779,0,3,1,1033,0,-1545
1316,15.300362,1,-1,0,1034,0,-1552
1317,15.312014,1,1,2,1032,-2,-1549
1318,15.323695,1,0,-1,1031,1,-1544
1319,15.335376,1,0,1,1035,-3,-1542
1320,15.347066,0,0,0,1031,0,-1545
1321,15.358726,1,-1,1,1033,-4,-1550
1322,15.370373,0,0,0,1030,3,-1543
1323,15.382044,-1,-1,1,1031,0,-1546
1324,15.393687,2,1,1,1031,0,-1545
1325,15.40535,-1,-1,1,1032,0,-1547
1326,15.417018,1,1,2,1033,0,-1548
1327,15.4286,0,-1,1,1032,3,-1548
1328,15.440148,1,1,0,1032,0,-1544
1329,15.451703,2,-2,2,1031,1,-1541
1330,15.463256,0,1,2,1030,-3,-1548
1331,15.474821,1,0,1,1033,2,-1543
1332,15.48637,1,1,0,1032,-1,-1552
1333,15.497924,0,1,0,1034,0,-1549
1334,15.509512,0,0,0,1032,-5,-1544
1335,15.521211,2,-1,0,1036,1,-1544
1336,15.53286,-1,0,2,1034,1,-1543
1337,15.544527,1,1,0,1032,0,-1547
1338,15.556188,0,1,1,1034,-2,-1544
1339,15.567882,1,2,1,1031,3,-1548
1340,15.579578,0,0,1,1032,1,-1545
1341,15.591238,1,-1,1,1032,-1,-1544
1342,15.602912,1,0,1,1031,1,-1543
1343,15.614602,0,-1,1,1032,0,-1549
1344,15.626285,1,2,3,1031,-2,-1545
1345,15.637883,3,2,2,1032,3,-1543
1346,15.649429,-1,0,1,1029,0,-1545
1347,15.661015,0,2,0,1032,-2,-1540
1348,15.672574,1,1,0,1030,-3,-1548
1349,15.684122,3,1,1,1031,0,-1546
1350,15.695667,1,-1,3,1032,2,-1549
1351,15.707267,1,-2,2,1032,1,-1541
1352,15.718834,0,0,3,1033,1,-1543
1353,15.730464,0,1,-1,1035,0,-1541
1354,15.74213,2,0,2,1031,-4,-1550
1355,15.753786,1,1,0,1031,0,-1544
1356,15.765442,0,-1,1,1034,-1,-1545
1357,15.777095,2,-1,1,1034,1,-1546
1358,15.788788,-1,-3,2,1035,0,-1548
1359,15.800441,1,0,2,1032,-2,-1545
1360,15.812095,1,1,0,1017,-4,-1538
1361,15.823772,2,0,1,1032,0,-1543
1362,15.835331,3,0,1,1034,2,-1547
1363,15.846894,0,1,2,1033,0,-1543
1364,15.858451,-2,0,1,1031,-2,-1545
1365,15.870012,0,3,2,1032,0,-1542
1366,15.881561,1,2,1,1032,2,-1538
1367,15.89313,0,0,1,1035,0,-1547
1368,15.904673,0,2,1,1033,-1,-1542
1369,15.916207,0,0,-1,1032,-1,-1544
1370,15.927787,1,-1,0,1036,0,-1544
1371,15.939527,0,1,2,1032,0,-1541
1372,15.951239,2,-1,3,1033,1,-1540
1373,15.96292,-2,1,-2,1031,-1,-1547
1374,15.974591,1,0,1,1032,0,-1545
1375,15.986244,-2,1,1,1032,0,-1550
1376,15.997921,0,1,3,1032,0,-1542
1377,16.009571,1,-1,4,1033,-4,-1545
1378,16.021232,1,0,2,1032,0,-1548
1379,16.032909,2,-1,0,1032,-5,-1541
1380,16.04456,-1,0,2,1033,-1,-1543
1381,16.056212,0,1,2,1035,-2,-1549
1382,16.067886,0,1,1,1032,0,-1544
1383,16.079555,0,2,2,1032,3,-1549
1384,16.091232,0,-1,2,1029,-2,-1544
1385,16.102895,2,-1,2,1031,-1,-1538
1386,16.114574,1,3,1,1029,-3,-1550
1387,16.126255,1,0,0,1034,1,-1541
1388,16.137921,0,1,1,1032,0,-1545
1389,16.149565,-1,2,0,1032,1,-1541
1390,16.161219,0,1,1,1030,0,-1548
1391,16.172864,1,0,-2,1032,-2,-1549
1392,16.184516,1,-1,0,1033,0,-1545
1393,16.196267,0,3,0,1031,-5,-1549
1394,16.207949,1,-1,1,1036,0,-1546
1395,16.219626,0,1,3,1039,-3,-1549
1396,16.231285,0,1,1,1035,2,-1547
1397,16.242886,-1,1,2,1034,2,-1541
1398,16.254453,-1,1,2,1033,0,-1542
1399,16.266007,0,0,3,1037,2,-1543
1400,16.277555,0,-1,0,1031,-1,-1543
1401,16.289132,0,-2,0,1033,3,-1547
1402,16.300681,-1,-2,1,1035,0,-1540
1403,16.312228,1,1,2,1029,1,-1543
1404,16.323808,1,-1,3,1035,0,-1542
1405,16.335442,1,0,1,1033,-2,-1547
1406,16.347122,0,-2,0,1034,-2,-1544
1407,16.358803,-2,0,0,1036,-1,-1548
1408,16.370465,2,0,1,1033,1,-1544
1409,16.382117,-1,0,2,1032,-3,-1549
1410,16.39381,3,-1,1,1032,-2,-1542
1411,16.405471,2,-1,1,1029,-2,-1538
1412,16.417148,0,-1,0,1033,2,-1550
1413,16.428816,1,1,0,1034,0,-1543
1414,16.44046,-1,0,2,1031,2,-1537
1415,16.452017,1,-1,1,1032,3,-1542
1416,16.463587,0,0,0,1035,0,-1545
1417,16.475157,0,1,-1,1034,2,-1541
1418,16.486691,-1,-1,3,1032,-3,-1539
1419,16.498235,-1,0,2,1032,3,-1547
1420,16.509781,2,1,0,1029,-2,-1544
1421,16.521346,2,0,2,1031,5,-1544
1422,16.532898,1,-1,2,1033,5,-1541
1423,16.544451,0,2,-1,1034,-2,-1547
1424,16.556079,1,1,2,1033,-4,-1544
1425,16.567755,0,1,1,1032,-1,-1549
1426,16.579437,-1,-1,0,1033,5,-1543
1427,16.591107,0,1,0,1034,-4,-1550
1428,16.602768,1,0,3,1032,-1,-1543
1429,16.614446,0,1,2,1033,0,-1546
1430,16.626106,-1,-2,2,1032,0,-1540
1431,16.637754,-1,0,3,1035,0,-1544
1432,16.649442,1,-1,0,1034,4,-1545
1433,16.661114,2,0,1,1032,0,-1543
1434,16.672684,2,-1,2,1032,1,-1538
1435,16.684247,3,1,2,1032,-2,-1542
1436,16.695817,1,1,0,1031,6,-1550
1437,16.707393,1,2,1,1032,-2,-1543
1438,16.718933,1,0,4,1034,-4,-1541
1439,16.73045,0,0,1,1033,0,-1541
1440,16.741991,-1,0,-2,1031,4,-1545
1441,16.753547,1,0,1,1031,0,-1537
1442,16.765177,1,1,2,1032,0,-1540
1443,16.776848,0,-1,-1,1032,1,-1538
1444,16.788518,0,0,2,1032,-2,-1546
1445,16.800179,1,0,-1,1032,1,-1540
1446,16.811824,1,0,1,1032,0,-1543
1447,16.823482,1,2,1,1030,0,-1546
1448,16.835159,-1,4,1,1033,0,-1546
1449,16.846831,1,1,1,1031,-1,-1550
1450,16.858476,0,1,1,1033,0,-1545
1451,16.870138,-1,0,0,1030,0,-1540
1452,16.881698,-1,-1,1,1032,-1,-1547
1453,16.893247,2,1,2,1033,0,-1540
1454,16.904795,2,-2,-1,1032,1,-1539
1455,16.916351,1,0,1,1035,3,-1547
1456,16.927907,1,-1,1,1034,-1,-1544
1457,16.939506,0,2,1,1033,0,-1540
1458,16.951063,-2,-1,1,1035,-2,-1545
1459,16.962642,0,0,2,1032,-3,-1540
1460,16.974269,1,-1,1,1034,5,-1542
1461,16.985938,0,-1,3,1031,-1,-1552
1462,16.997595,1,1,1,1031,-1,-1543
1463,17.009288,-1,0,0,1037,3,-1545
1464,17.020932,0,0,1,1033,1,-1541
1465,17.032587,1,1,0,1033,0,-1554
1466,17.044262,0,0,0,1032,-1,-1549
1467,17.055939,-1,0,1,1032,0,-1547
1468,17.06765,0,2,-1,1034,-2,-1544
1469,17.079296,0,-2,3,1031,0,-1544
1470,17.090866,0,-1,1,1032,0,-1539
1471,17.102439,0,0,1,1030,0,-1544
1472,17.113997,0,1,0,1032,-1,-1538
1473,17.125636,2,0,1,1032,-1,-1554
1474,17.137262,-1,0,1,1032,-1,-1548
1475,17.148804,-1,-1,1,1032,0,-1547
1476,17.160354,2,-2,1,1032,4,-1547
1477,17.171916,1,0,-1,1032,0,-1543
1478,17.183643,1,-1,0,1029,-4,-1546
1479,17.195315,-1,1,1,1032,0,-1546
1480,17.206997,1,-2,1,1033,0,-1543
1481,17.218674,-1,-1,-1,1032,0,-1544
1482,17.230328,0,1,1,1031,1,-1548
1483,17.241983,-1,0,1,1028,-2,-1540
1484,17.25363,1,-2,2,1033,1,-1543
1485,17.265292,2,0,0,1033,1,-1543
1486,17.276944,-1,1,2,1031,-1,-1545
1487,17.288496,0,-1,1,1033,2,-1544
1488,17.300051,-1,0,2,1035,1,-1545
1489,17.311607,1,1,2,1038,-1,-1538
1490,17.323168,0,-2,0,1034,-1,-1543
1491,17.334697,2,1,-1,1032,0,-1545
1492,17.346242,1,-3,1,1033,-1,-1546
1493,17.357794,1,2,4,1033,-3,-1550
1494,17.369364,2,-1,2,1030,5,-1547
1495,17.380926,1,0,2,1036,-2,-1546
1496,17.392547,0,1,0,1032,-2,-1553
1497,17.404206,-1,1,1,1032,-1,-1544
1498,17.415905,2,2,1,1031,0,-1545
1499,17.427557,1,0,2,1027,0,-1537
1500,17.43928,2,0,0,1031,0,-1544
1501,17.45105,2,0,0,1032,-2,-1550
1502,17.462724,-1,0,2,1032,2,-1547
1503,17.474412,-1,0,1,1034,1,-1543
1504,17.486166,0,-1,1,1030,1,-1545
1505,17.49782,2,-2,2,1030,-1,-1549
1506,17.509418,2,1,0,1032,0,-1541
1507,17.520996,1,-1,1,1031,2,-1541
1508,17.532539,-1,3,2,1030,-1,-1541
1509,17.544083,1,0,0,1033,0,-1545
1510,17.55565,3,-1,1,1030,-1,-1544
1511,17.567244,1,0,0,1034,-2,-1542
1512,17.578809,1,0,2,1033,-1,-1545
1513,17.590367,0,-1,0,1031,1,-1546
1514,17.602026,0,1,-1,1030,-1,-1540
1515,17.613757,0,0,2,1032,-2,-1545
1516,17.625436,1,0,1,1032,2,-1547
1517,17.637092,1,2,1,1032,1,-1541
1518,17.648745,0,1,2,1033,0,-1543
1519,17.660402,1,0,0,1032,1,-1541
1520,17.672068,1,1,1,1030,-1,-1543
1521,17.683737,-1,0,3,1031,0,-1541
1522,17.695402,1,1,3,1032,0,-1547
1523,17.706933,0,3,1,1031,-2,-1541
1524,17.718494,-1,0,-1,1032,-2,-1553
1525,17.730065,1,0,0,1033,1,-1545
1526,17.741614,2,0,1,1031,4,-1542
1527,17.753175,2,-3,2,1034,-2,-1543
1528,17.764765,0,-1,1,1034,0,-1547
1529,17.776364,0,-1,1,1032,-2,-1545
1530,17.787911,-1,-2,0,1029,-1,-1544
1531,17.79948,-1,1,1,1032,0,-1546
1532,17.81118,-1,0,1,1031,2,-1543
1533,17.822854,1,1,1,1034,0,-1549
1534,17.834511,1,2,-1,1032,-2,-1552
1535,17.846188,1,0,2,1033,-3,-1547
1536,17.85785,-1,-1,0,1032,-2,-1548
1537,17.869505,-1,0,3,1030,-2,-1540
1538,17.881195,1,0,-2,1033,-1,-1539
1539,17.892855,2,0,2,1035,0,-1546
1540,17.904517,-1,1,0,1030,-2,-1540
1541,17.916233,0,1,1,1032,1,-1547
1542,17.927806,0,-1,1,1032,0,-1540
1543,17.939366,0,-1,3,1031,-4,-1552
1544,17.950935,2,-1,2,1036,0,-1548
1545,17.962453,0,-2,1,1030,-2,-1543
1546,17.973997,0,0,-1,1030,0,-1543
1547,17.985562,1,0,2,1033,-3,-1547
1548,17.997123,0,1,3,1031,1,-1542
1549,18.008689,2,1,2,1032,5,-1542
1550,18.020308,1,1,3,1035,0,-1539
1551,18.032015,0,-1,0,1032,4,-1548
1552,18.043681,-1,0,1,1035,-2,-1549
1553,18.055379,-2,0,0,1031,1,-1540
1554,18.067052,0,1,0,1035,0,-1547
1555,18.078734,2,-1,0,1033,3,-1543
1556,18.090377,0,1,1,1031,0,-1541
1557,18.102033,-2,0,2,1029,-5,-1540
1558,18.113701,0,0,0,1032,1,-1548
1559,18.125364,0,1,2,1027,-2,-1541
1560,18.136917,0,-1,1,1032,5,-1544
1561,18.148475,2,-2,0,1031,-1,-1542
1562,18.160028,1,2,0,1031,2,-1552
1563,18.171599,2,0,2,1034,0,-1544
1564,18.183184,-1,0,1,1031,-1,-1541
1565,18.194763,-1,0,1,1032,0,-1537
1566,18.206341,-1,0,0,1033,0,-1534
1567,18.217897,1,-2,1,1028,0,-1546
1568,18.229525,1,3,1,1028,-3,-1547
1569,18.241173,1,2,0,1031,-1,-1540
1570,18.252862,1,1,-2,1032,0,-1544
1571,18.264535,0,0,2,1032,1,-1550
1572,18.276188,1,-1,0,1034,1,-1544
1573,18.287891,-1,2,2,1034,-3,-1549
1574,18.299549,1,-2,1,1030,-1,-1542
1575,18.311223,-2,-1,0,1035,1,-1542
1576,18.322919,2,1,1,1030,1,-1545
1577,18.336763,1,1,1,1032,0,-1538
1578,18.348357,0,-1,1,1032,0,-1547
1579,18.359906,-1,2,0,1029,-2,-1542
1580,18.371466,-1,2,-1,1032,2,-1541
1581,18.383046,-1,0,1,1030,0,-1542
1582,18.394611,1,-1,-1,1032,0,-1550
1583,18.406159,1,4,1,1034,0,-1547
1584,18.417728,0,2,1,1034,-1,-1545
1585,18.429293,2,-1,2,1032,3,-1546
1586,18.440859,1,-2,1,1035,-2,-1544
1587,18.452413,-1,-1,1,1033,1,-1547
1588,18.463965,3,-1,1,1034,0,-1541
1589,18.475536,1,2,0,1030,0,-1545
1590,18.487111,0,0,1,1033,-2,-1545
1591,18.49869,1,0,2,1032,-4,-1549
1592,18.51024,0,-1,2,1033,-1,-1545
1593,18.521781,0,1,-1,1032,3,-1544
1594,18.533341,-1,-1,1,1032,-3,-1537
1595,18.545046,1,0,0,1031,-1,-1546
1596,18.556703,-1,-2,0,1034,1,-1540
1597,18.568355,-2,1,3,1035,0,-1554
1598,18.580042,1,0,1,1032,-2,-1541
1599,18.591728,2,-2,0,1030,1,-1543
1600,18.603524,1,-1,1,1032,1,-1546
1601,18.615228,1,0,1,1026,-3,-1544
1602,18.626946,0,0,1,1029,-2,-1542
1603,18.638616,2,1,0,1037,0,-1546
1604,18.65021,1,-2,2,1035,0,-1542
1605,18.661763,3,3,0,1034,2,-1544
1606,18.673329,0,1,1,1032,-2,-1542
1607,18.684878,2,-2,0,1030,-1,-1544
1608,18.696419,1,0,-3,1028,-1,-1540
1609,18.707967,3,1,1,1033,-2,-1544
1610,18.719533,-1,0,1,1033,-2,-1546
1611,18.731109,0,0,-1,1033,-2,-1544
1612,18.742702,0,-1,1,1031,-3,-1545
1613,18.754326,0,-1,1,1032,-3,-1544
1614,18.766002,1,2,2,1032,0,-1545
1615,18.77766,1,1,1,1032,0,-1543
1616,18.789308,1,-1,0,1031,0,-1542
1617,18.80096,-1,1,0,1030,0,-1542
1618,18.812625,2,0,3,1036,2,-1538
1619,18.82428,0,-2,2,1031,0,-1549
1620,18.835934,-1,3,1,1031,-3,-1542
1621,18.847663,2,-1,1,1029,-3,-1548
1622,18.859341,0,0,1,1031,2,-1545
1623,18.870931,2,-1,3,1036,0,-1539
1624,18.882495,0,0,0,1032,0,-1548
1625,18.894062,1,-1,2,1030,0,-1549
1626,18.905617,-1,-1,2,1037,0,-1544
1627,18.917223,1,-1,0,1031,0,-1547
1628,18.928782,1,1,-2,1029,2,-1540
1629,18.940357,-1,1,3,1031,0,-1544
1630,18.951918,2,1,1,1031,1,-1539
1631,18.963555,2,0,0,1030,-2,-1545
1632,18.975234,1,-1,-1,1018,2,-1545
1633,18.986906,0,-1,1,1032,-3,-1543
1634,18.998607,1,-2,1,1029,-3,-1543
1635,19.01026,1,1,1,1031,-2,-1545
1636,19.021932,2,1,0,1034,-1,-1545
1637,19.033588,1,0,1,1033,-1,-1540
1638,19.04524,2,-1,0,1032,-3,-1543
1639,19.056919,1,0,-1,1027,-2,-1537
1640,19.068581,2,0,3,1034,-4,-1542
1641,19.08013,0,0,3,1032,-1,-1542
1642,19.091659,-1,0,-2,1031,1,-1546
1643,19.10324,2,1,2,1033,1,-1536
1644,19.114812,0,0,1,1032,4,-1544
1645,19.12636,1,-2,1,1035,-1,-1545
1646,19.137901,0,-1,1,1032,0,-1542
1647,19.149451,-2,-1,1,1029,4,-1547
1648,19.16101,-1,1,1,1032,0,-1542
1649,19.172646,1,-1,1,1035,-1,-1546
1650,19.184299,1,1,0,1038,2,-1549
1651,19.195973,1,0,1,1028,2,-1538
1652,19.20765,1,-1,-1,1032,1,-1546
1653,19.219304,3,0,1,1033,2,-1545
1654,19.23101,0,0,-1,1029,0,-1541
1655,19.242661,2,0,2,1032,-1,-1542
1656,19.254307,2,-1,2,1033,1,-1543
1657,19.265983,1,2,1,1033,-1,-1546
1658,19.277663,0,-1,-1,1031,0,-1544
1659,19.289264,1,2,1,1031,0,-1545
1660,19.300855,-2,0,1,1029,0,-1544
1661,19.312401,-2,0,-1,1031,3,-1543
1662,19.323954,1,1,2,1032,-3,-1548
1663,19.335537,-1,-1,1,1035,-2,-1539
1664,19.347107,1,1,1,1031,-2,-1547
1665,19.358678,2,2,0,1032,1,-1545
1666,19.370252,0,-2,1,1034,0,-1546
1667,19.381917,-2,-1,1,1030,0,-1546
1668,19.393573,0,-1,1,1030,0,-1544
1669,19.405271,4,-1,2,1028,-1,-1539
1670,19.416918,0,1,0,1031,-3,-1542
1671,19.428569,1,1,1,1032,-4,-1548
1672,19.440248,0,0,0,1032,0,-1546
1673,19.451913,1,0,0,1030,-1,-1545
1674,19.463571,1,0,-1,1030,-1,-1546
1675,19.475295,0,1,1,1033,1,-1547
1676,19.486946,1,0,1,1030,0,-1546
1677,19.498518,2,-1,0,1033,-2,-1545
1678,19.510067,-1,-1,1,1033,-1,-1544
1679,19.521616,0,0,0,1035,0,-1541
1680,19.533184,1,3,3,1032,2,-1549
1681,19.544737,2,1,0,1033,1,-1547
1682,19.556272,0,0,3,1029,0,-1546
1683,19.567825,2,3,2,1032,-1,-1542
1684,19.579406,3,1,4,1027,1,-1542
1685,19.591032,1,2,3,1034,0,-1543
1686,19.602711,0,0,2,1032,1,-1544
1687,19.614355,1,0,3,1034,1,-1545
1688,19.62601,1,1,1,1031,-1,-1546
1689,19.637664,2,0,0,1031,-2,-1539
1690,19.649306,3,-1,1,1030,3,-1544
1691,19.660973,0,0,0,1030,2,-1546
1692,19.67265,-1,1,0,1034,3,-1552
1693,19.684305,1,-1,2,1035,0,-1541
1694,19.695995,1,0,4,1032,-1,-1541
1695,19.707595,0,0,1,1033,1,-1544
1696,19.719167,1,-2,1,1032,-3,-1537
1697,19.730694,-1,2,3,1026,-1,-1545
1698,19.742254,1,0,-1,1034,0,-1543
1699,19.753808,2,-4,-1,1030,2,-1546
1700,19.765363,1,3,3,1031,1,-1544
1701,19.776908,0,-1,3,1030,-1,-1545
1702,19.78845,1,0,3,1031,0,-1544
1703,19.800073,2,1,1,1034,2,-1539
1704,19.811743,-1,0,-1,1030,-3,-1546
1705,19.823419,1,-1,2,1032,0,-1542
1706,19.835096,1,1,0,1030,-4,-1544
1707,19.846719,1,0,-1,1032,1,-1543
1708,19.858391,0,0,4,1034,0,-1545
1709,19.870043,0,-1,0,1030,0,-1541
1710,19.881694,0,0,3,1028,0,-1543
1711,19.893351,0,1,0,1030,-1,-1549
1712,19.905017,1,0,0,1033,0,-1544
1713,19.916669,0,0,0,1035,1,-1541
1714,19.928312,0,-1,1,1033,1,-1550
1715,19.939991,0,0,1,1032,-3,-1542
1716,19.951663,1,2,1,1033,2,-1549
1717,19.96331,1,0,1,1031,3,-1549
1718,19.974978,0,1,1,1032,1,-1542
1719,19.986655,0,-1,2,1037,-1,-1546
1720,19.998328,0,-2,0,1032,0,-1541
1721,20.009981,0,2,2,1032,-3,-1542
1722,20.021653,2,1,1,1032,-1,-1544
1723,20.033325,0,0,1,1033,0,-1537
1724,20.044976,1,-2,1,1033,-1,-1547
1725,20.056655,0,1,2,1033,-1,-1546
1726,20.068297,0,1,0,1033,0,-1550
1727,20.079948,-1,1,3,1031,-1,-1545
1728,20.091637,3,0,1,1033,1,-1544
1729,20.103356,3,2,1,1031,3,-1541
1730,20.115057,-2,1,1,1028,0,-1546
1731,20.126629,3,-1,1,1033,-2,-1550
1732,20.138174,0,1,3,1030,-1,-1546
1733,20.14973,0,1,2,1034,-2,-1549
1734,20.161278,0,0,3,1030,-1,-1552
1735,20.172843,0,0,0,1033,-2,-1550
1736,20.184401,0,-1,1,1032,-1,-1550
1737,20.195971,1,-1,0,1033,-4,-1548
1738,20.207553,2,0,0,1032,3,-1548
1739,20.219178,2,-1,0,1032,3,-1547
1740,20.230876,0,0,0,1034,0,-1546
1741,20.242543,-2,0,2,1032,1,-1551
1742,20.254201,1,-1,2,1027,-1,-1538
1743,20.26587,0,1,2,1031,0,-1537
1744,20.277524,0,1,3,1033,0,-1539
1745,20.289179,0,-1,2,1031,2,-1543
1746,20.30086,1,-2,1,1030,-3,-1545
1747,20.312539,2,-1,0,1032,0,-1549
1748,20.324202,0,1,2,1033,0,-1541
1749,20.335801,2,0,2,1030,1,-1553
1750,20.347358,-1,2,-1,1031,1,-1544
1751,20.358927,1,0,1,1031,0,-1543
1752,20.370457,1,-1,2,1032,0,-1544
1753,20.382007,2,-1,2,1033,-2,-1540
1754,20.393573,2,0,1,1031,-1,-1542
1755,20.405153,1,-1,1,1038,0,-1545
1756,20.416751,-1,2,1,1032,-3,-1543
1757,20.428395,-1,0,2,1028,-1,-1547
1758,20.440054,1,0,0,1032,1,-1542
1759,20.451735,2,0,1,1032,5,-1541
1760,20.463405,0,-2,2,1030,0,-1546
1761,20.475094,2,0,0,1031,0,-1544
1762,20.48675,0,-2,-1,1031,-1,-1545
1763,20.498404,0,1,2,1033,2,-1542
1764,20.510055,1,1,3,1029,1,-1549
1765,20.521704,1,-1,2,1030,2,-1545
1766,20.533387,1,1,1,1030,-1,-1546
1767,20.544974,-1,0,0,1032,-3,-1540
1768,20.556522,1,0,1,1030,0,-1550
1769,20.56807,1,0,1,1031,1,-1548
1770,20.579641,3,-2,-1,1031,-2,-1541
1771,20.591174,-1,-1,2,1031,-3,-1551
1772,20.602694,-2,-1,3,1032,2,-1541
1773,20.61424,-1,0,0,1030,1,-1548
1774,20.625829,0,-1,0,1035,-2,-1544
1775,20.63745,0,1,1,1031,0,-1543
1776,20.649115,0,2,-1,1032,0,-1548
1777,20.660766,1,-1,-1,1031,1,-1542
1778,20.672423,2,0,2,1032,0,-1544
1779,20.68407,1,-2,0,1032,0,-1547
1780,20.695748,1,0,2,1034,-2,-1535
1781,20.707412,1,0,0,1033,-2,-1542
1782,20.719088,1,1,2,1031,3,-1541
1783,20.73074,0,-1,-2,1031,0,-1540
1784,20.742395,1,-1,1,1032,-1,-1549
1785,20.75397,-1,-1,0,1028,-1,-1533
1786,20.765522,2,1,2,1035,0,-1548
1787,20.777102,0,2,1,1035,-4,-1549
1788,20.788649,-2,-1,1,1031,0,-1545
1789,20.800194,0,1,0,1030,0,-1552
1790,20.811744,0,1,2,1031,-3,-1543
1791,20.823317,-2,0,1,1027,-1,-1538
1792,20.834888,2,-1,2,1032,-1,-1543
1793,20.846536,-2,-1,2,1030,0,-1544
1794,20.858218,-1,0,0,1034,1,-1548
1795,20.869886,1,-1,1,1033,0,-1547
1796,20.881539,-1,0,2,1032,0,-1541
1797,20.893178,4,0,1,1029,0,-1546
1798,20.904824,0,0,1,1033,1,-1539
1799,20.916492,-1,0,1,1033,-4,-1548
1800,20.928146,2,-2,1,1031,-3,-1539
1801,20.93981,-2,0,2,1033,0,-1544
1802,20.9515,2,0,0,1033,-4,-1547
1803,20.96308,1,3,1,1029,-2,-1544
1804,20.97464,-2,1,-1,1032,5,-1536
1805,20.98621,2,-1,1,1029,-1,-1541
1806,20.997761,-1,0,1,1030,-1,-1549
1807,21.009336,0,0,-1,1032,0,-1541
1808,21.020873,1,-1,1,1032,0,-1547
1809,21.032408,0,1,0,1032,0,-1546
1810,21.043961,1,2,0,1032,1,-1544
1811,21.055661,0,1,1,1031,-4,-1549
1812,21.067354,1,0,1,1034,1,-1543
1813,21.078995,2,0,1,1033,1,-1546
1814,21.09066,-2,1,2,1032,0,-1543
1815,21.10231,1,1,-1,1034,-2,-1551
1816,21.113958,1,-1,1,1032,0,-1543
1817,21.125629,1,1,2,1033,0,-1544
1818,21.137276,2,1,2,1032,-1,-1539
1819,21.148977,1,2,1,1031,2,-1540
1820,21.160631,1,-1,0,1027,0,-1546
1821,21.172279,-1,-2,1,1033,-2,-1547
1822,21.183943,0,0,0,1028,0,-1544
1823,21.195634,0,-1,2,1032,0,-1551
1824,21.207289,0,-1,0,1031,2,-1541
1825,21.218983,0,0,1,1033,2,-1542
1826,21.230657,0,-2,0,1035,0,-1542
1827,21.242307,1,-1,1,1032,2,-1544
1828,21.254002,2,2,-1,1031,1,-1543
1829,21.265662,-1,0,0,1032,2,-1547
1830,21.277314,1,-2,2,1031,-2,-1545
1831,21.28899,-2,-1,2,1036,0,-1542
1832,21.300646,1,-1,1,1032,-1,-1550
1833,21.312296,2,0,4,1031,0,-1543
1834,21.323981,-1,0,-1,1030,-1,-1542
1835,21.335644,0,-1,1,1030,4,-1545
1836,21.347299,1,1,1,1032,0,-1540
1837,21.359053,-1,-1,1,1036,0,-1542
1838,21.370736,4,-1,0,1032,2,-1543
1839,21.382339,1,1,2,1030,-3,-1549
1840,21.393895,-1,0,3,1032,0,-1542
1841,21.405452,-2,-1,2,1031,1,-1546
1842,21.417007,1,-1,2,1031,2,-1547
1843,21.428584,3,-2,1,1030,3,-1548
1844,21.440135,1,-1,1,1031,-2,-1551
1845,21.451681,0,-1,3,1031,3,-1541
1846,21.463242,3,-2,1,1029,0,-1544
1847,21.474869,0,0,2,1033,0,-1537
1848,21.486524,0,1,1,1030,2,-1537
1849,21.498175,1,2,1,1035,-4,-1553
1850,21.509856,0,1,2,1033,0,-1550
1851,21.521513,1,-2,0,1029,-8,-1548
1852,21.533167,2,2,1,1028,0,-1543
1853,21.544826,1,2,2,1030,-4,-1547
1854,21.556471,2,1,3,1033,-6,-1541
1855,21.568161,0,-1,0,1032,-1,-1545
1856,21.57981,2,1,-1,1031,0,-1537
1857,21.591393,1,-1,2,1031,0,-1547
1858,21.602934,0,-1,2,1032,2,-1537
1859,21.614451,-1,2,1,1032,0,-1552
1860,21.625999,1,-3,3,1032,3,-1543
1861,21.637576,1,0,1,1033,4,-1548
1862,21.649123,0,1,-1,1032,2,-1546
1863,21.660665,-1,1,2,1032,-3,-1546
1864,21.672217,2,-1,1,1034,0,-1544
1865,21.683924,-2,-1,3,1032,4,-1547
1866,21.69562,-1,-1,1,1030,1,-1539
1867,21.707275,1,-1,1,1032,5,-1545
1868,21.718948,0,0,0,1031,-1,-1541
1869,21.730633,1,1,-1,1032,0,-1546
1870,21.742272,1,1,2,1032,0,-1547
1871,21.75392,-2,1,2,1034,0,-1547
1872,21.765578,2,-2,0,1031,-1,-1545
1873,21.777245,-1,2,0,1029,0,-1543
1874,21.788822,2,0,-1,1030,-4,-1547
1875,21.800374,0,1,1,1035,1,-1544
1876,21.81195,1,1,2,1032,-2,-1545
1877,21.823496,1,-1,-2,1031,1,-1547
1878,21.83507,1,0,0,1030,0,-1549
1879,21.846619,0,1,2,1032,-1,-1542
1880,21.858161,0,0,1,1031,2,-1545
1881,21.869704,0,0,-1,1030,-3,-1550
1882,21.881294,-1,-1,1,1033,-3,-1546
1883,21.892946,2,1,4,1033,0,-1548
1884,21.904619,2,-1,-1,1036,-1,-1543
1885,21.916267,1,-2,2,1030,0,-1550
1886,21.927923,0,0,1,1028,1,-1544
1887,21.939568,-1,0,1,1027,-2,-1544
1888,21.951243,0,0,1,1032,-1,-1542
1889,21.962922,-1,-1,0,1027,0,-1545
1890,21.974609,-2,-2,1,1033,0,-1551
1891,21.986266,-1,2,0,1033,0,-1542
1892,21.997916,0,-1,2,1032,3,-1547
1893,22.009557,2,-1,1,1032,0,-1546
1894,22.021199,0,1,2,1033,7,-1538
1895,22.032869,1,1,2,1031,1,-1537
1896,22.044512,1,0,1,1033,0,-1540
1897,22.056157,0,0,1,1033,2,-1547
1898,22.067809,2,-1,0,1030,0,-1546
1899,22.079504,1,-1,1,1032,1,-1547
1900,22.091166,0,1,1,1031,0,-1540
1901,22.102849,1,0,1,1027,0,-1546
1902,22.11451,2,-1,1,1032,-1,-1539
1903,22.126158,1,1,1,1033,5,-1543
1904,22.137802,2,0,0,1031,0,-1549
1905,22.149451,1,1,1,1030,1,-1556
1906,22.16111,0,-1,4,1029,-2,-1537
1907,22.17276,0,2,1,1033,0,-1548
1908,22.18444,0,2,0,1034,-3,-1540
1909,22.196116,1,0,-1,1032,1,-1539
1910,22.207752,0,-1,2,1032,-2,-1545
1911,22.219409,0,3,3,1032,-1,-1546
1912,22.231101,-1,0,0,1032,1,-1542
1913,22.242762,-1,1,2,1032,-2,-1535
1914,22.25446,-1,-2,0,1031,-1,-1545
1915,22.266125,1,1,1,1032,0,-1546
1916,22.277774,2,0,3,1032,-5,-1546
1917,22.289454,0,-2,1,1035,3,-1537
1918,22.301125,2,-1,0,1032,0,-1544
1919,22.312768,1,0,0,1031,-4,-1547
1920,22.324416,1,-1,0,1029,-2,-1553
1921,22.336093,1,4,-1,1025,-1,-1537
1922,22.347765,0,0,0,1033,-1,-1545
1923,22.359423,0,1,0,1035,-1,-1549
1924,22.371112,-1,1,2,1032,2,-1548
1925,22.382765,1,-1,-2,1032,-5,-1543
1926,22.394436,0,0,1,1029,-5,-1543
1927,22.405988,1,-1,1,1031,0,-1545
1928,22.417563,-1,0,1,1030,0,-1550
1929,22.429105,0,0,0,1034,2,-1544
1930,22.440642,1,-1,1,1034,2,-1548
1931,22.452179,0,0,0,1032,2,-1538
1932,22.463722,1,1,0,1034,0,-1546
1933,22.475318,4,0,0,1032,3,-1539
1934,22.486868,-1,0,0,1030,4,-1546
1935,22.498462,1,2,1,1032,1,-1541
1936,22.510074,0,0,2,1032,-2,-1547
1937,22.52174,-1,-1,1,1033,0,-1541
1938,22.533396,2,-1,0,1032,0,-1548
1939,22.545041,0,0,2,1031,0,-1548
1940,22.556711,1,1,1,1031,-1,-1540
1941,22.568401,-1,-1,0,1032,0,-1542
1942,22.580051,0,3,0,1033,-2,-1544
1943,22.591787,0,0,0,1032,-2,-1546
1944,22.603466,1,2,0,1032,0,-1548
1945,22.61506,2,0,2,1029,-2,-1540
1946,22.626641,-1,0,0,1031,-2,-1545
1947,22.638186,0,-1,1,1034,1,-1546
1948,22.649735,2,0,2,1032,-1,-1537
1949,22.661297,1,1,3,1029,2,-1542
1950,22.672849,0,0,0,1031,0,-1539
1951,22.68439,-1,-1,2,1030,-3,-1536
1952,22.695945,0,-1,3,1034,-1,-1546
1953,22.70753,-1,0,1,1037,-1,-1542
1954,22.71916,1,-2,2,1033,-2,-1543
1955,22.730868,3,-2,0,1034,-4,-1540
1956,22.742524,-1,1,2,1031,0,-1539
1957,22.754161,-2,-1,1,1033,2,-1536
1958,22.765807,0,-2,1,1031,0,-1547
1959,22.777498,3,0,1,1032,-4,-1547
1960,22.789137,1,-2,1,1037,0,-1549
1961,22.80079,1,2,3,1030,1,-1541
1962,22.812456,2,1,1,1028,0,-1542
1963,22.824025,0,-1,2,1030,0,-1548
1964,22.835582,-1,1,2,1031,-1,-1545
1965,22.847208,0,0,1,1032,5,-1546
1966,22.858765,2,2,1,1033,0,-1547
1967,22.870323,-1,0,2,1034,0,-1549
1968,22.881861,2,0,1,1032,2,-1545
1969,22.893405,2,1,0,1033,3,-1545
1970,22.904953,1,0,3,1032,0,-1544
1971,22.916521,1,-2,2,1029,0,-1545
1972,22.928137,2,-1,0,1034,0,-1542
1973,22.939803,0,0,-1,1036,-2,-1547
1974,22.951491,1,0,2,1034,-2,-1544
1975,22.963149,0,1,1,1029,1,-1542
1976,22.974804,1,-2,-1,1032,0,-1546
1977,22.986495,2,1,2,1034,0,-1542
1978,22.998149,1,-1,2,1031,0,-1540
1979,23.009805,-2,0,1,1032,-1,-1548
1980,23.021469,1,-1,1,1032,2,-1545
1981,23.033143,0,-5,1,1031,0,-1545
1982,23.044714,-2,-1,2,1031,1,-1547
1983,23.056294,0,-1,2,1031,-2,-1545
1984,23.067847,0,-1,-1,1031,0,-1546
1985,23.079465,1,2,2,1029,0,-1546
1986,23.091009,0,0,-1,1028,-3,-1548
1987,23.102582,1,2,2,1033,0,-1544
1988,23.114129,2,0,2,1031,2,-1544
1989,23.125689,-1,-2,1,1032,5,-1542
1990,23.137321,2,0,2,1033,3,-1542
1991,23.148991,-1,0,2,1033,1,-1536
1992,23.160647,0,0,1,1031,-1,-1545
1993,23.17229,1,3,0,1032,1,-1548
1994,23.18394,0,0,1,1030,0,-1547
1995,23.195622,0,0,2,1029,-1,-1541
1996,23.207275,-1,1,1,1029,1,-1542
1997,23.218971,-1,0,4,1031,-4,-1542
1998,23.230639,0,0,1,1032,-1,-1542
1999,23.242295,2,-2,3,1030,-2,-1538
